location,career_level,experience_level,education_level,employment_type,job_function,company_process_time,company_industry,Salary Level
13,4,1,15,4,21,18,30,2
1,4,3,15,4,1,22,21,2
4,3,1,8,4,0,29,30,1
9,3,2,15,4,22,29,7,2
4,2,2,18,4,37,29,23,2
23,3,1,18,4,59,29,3,1
1,2,5,9,4,21,21,30,2
4,4,2,8,4,12,5,20,2
1,2,1,15,4,35,29,57,2
4,3,1,10,4,12,21,12,1
19,3,1,18,4,52,29,21,2
4,3,1,8,4,12,4,20,1
1,3,1,15,4,7,29,7,1
9,1,1,15,4,38,7,2,1
4,3,1,18,4,9,29,30,0
0,3,1,18,4,15,29,37,1
16,1,1,3,0,9,26,29,1
7,2,5,9,4,37,29,47,2
9,2,3,9,4,28,22,28,2
4,3,2,18,4,12,23,47,1
1,3,2,13,4,7,20,30,2
20,3,1,8,4,12,29,28,2
4,3,1,15,4,1,28,55,1
4,3,1,18,3,34,29,39,0
7,2,3,16,4,0,19,29,2
4,4,4,4,4,12,28,23,2
4,2,3,9,4,37,29,43,2
1,3,2,15,4,4,29,21,1
4,4,3,9,4,12,28,23,2
9,3,1,3,4,9,1,28,1
9,1,1,18,4,23,29,24,1
4,3,2,9,4,34,29,43,2
4,1,1,18,4,41,29,50,1
4,4,2,9,4,57,1,57,1
33,0,5,16,4,37,29,28,2
4,3,1,9,4,0,29,21,1
4,3,2,15,4,38,27,41,0
9,4,3,9,4,57,29,47,2
4,2,2,13,4,2,30,3,2
4,3,1,6,4,4,29,57,0
4,3,2,9,4,0,29,30,1
8,3,5,15,4,7,29,21,2
4,3,1,15,0,10,29,53,1
6,4,1,9,4,0,12,15,1
4,2,4,9,4,43,24,41,2
9,4,2,18,4,10,29,30,2
4,3,1,3,4,56,29,57,0
4,4,3,9,3,37,6,2,2
7,3,5,15,0,23,15,48,2
33,3,2,16,4,35,29,28,2
4,3,1,9,4,13,29,50,2
0,3,1,8,4,37,21,43,1
7,2,10,18,4,66,29,30,2
4,3,1,3,4,41,29,50,1
32,3,2,9,4,40,27,12,1
25,3,2,9,4,41,29,50,2
9,3,3,13,4,0,29,30,1
4,1,1,3,0,38,28,43,0
7,4,5,18,4,57,29,30,2
4,3,1,18,0,54,29,51,0
4,3,1,18,0,26,25,29,1
4,3,2,8,4,65,22,57,1
4,3,2,15,4,54,17,50,1
4,4,5,9,4,37,28,48,1
4,3,1,15,4,41,9,12,1
4,3,3,9,4,12,29,23,2
4,2,5,10,4,37,29,18,1
1,4,5,9,0,22,27,47,2
4,3,1,9,4,0,29,30,1
33,2,5,8,4,37,29,28,2
4,4,5,9,4,41,29,3,1
32,3,2,8,0,3,28,41,0
4,3,2,15,4,34,21,43,1
4,3,3,18,0,7,30,21,1
4,1,1,15,4,56,4,57,1
4,2,3,18,4,37,24,1,2
28,1,1,15,4,57,29,45,2
9,3,1,9,4,41,29,24,2
4,3,2,9,4,3,16,20,1
27,3,1,18,4,34,29,28,1
1,2,6,9,4,7,29,30,2
4,3,2,9,4,12,28,29,1
4,3,1,18,4,14,29,57,1
7,3,1,9,4,37,27,20,2
31,3,2,9,4,38,14,2,1
4,3,1,9,4,34,29,39,1
9,2,2,10,4,0,4,40,2
4,3,2,15,4,39,25,57,1
1,2,5,10,4,39,19,29,2
4,2,3,10,4,1,29,1,2
4,4,3,9,4,57,19,50,1
4,4,1,9,4,3,29,41,1
4,4,5,9,4,10,29,53,1
4,3,3,15,4,34,21,57,1
7,3,2,15,4,39,29,57,2
4,1,1,9,2,57,24,0,0
7,3,2,13,4,37,30,24,2
7,3,3,15,4,55,29,24,2
32,3,1,15,0,36,28,53,0
9,3,1,15,4,22,9,30,1
4,3,2,9,4,37,17,47,1
4,4,3,9,4,57,29,36,1
4,3,1,16,4,12,29,23,2
1,2,3,10,4,0,29,3,2
1,3,2,18,4,59,21,3,2
4,3,3,15,4,39,26,29,1
4,4,4,18,4,12,29,23,2
4,3,2,18,4,0,29,34,0
4,2,5,9,4,1,27,1,2
4,4,2,9,4,50,25,28,1
9,1,1,9,4,3,20,2,2
12,4,5,18,4,65,28,45,2
4,3,5,8,4,39,23,19,2
3,4,3,9,4,57,7,23,2
4,3,1,9,4,10,17,20,2
7,3,1,13,0,37,29,3,1
7,4,2,9,4,55,29,28,1
4,2,10,9,4,41,29,50,1
1,3,1,18,4,34,29,55,2
7,4,5,9,4,28,11,50,2
20,3,1,8,4,12,29,28,2
4,2,8,8,4,41,29,57,2
9,2,3,18,4,48,29,22,2
1,3,2,15,4,39,29,29,2
4,0,2,15,4,54,29,43,2
4,4,2,15,4,39,29,29,2
0,2,5,18,4,0,21,50,2
4,3,3,8,4,23,29,57,0
0,2,2,15,4,37,29,30,2
7,3,2,8,4,42,28,47,2
0,4,5,9,4,39,22,12,2
11,3,1,15,4,41,3,1,1
4,3,2,18,4,0,24,55,1
9,4,3,15,4,37,29,48,1
1,3,2,15,4,0,29,36,1
4,4,1,8,4,9,26,57,1
11,3,2,18,4,12,27,45,2
4,2,2,9,4,62,16,53,1
27,3,2,13,0,40,29,12,1
4,2,3,9,4,2,27,3,2
7,3,1,15,0,42,25,57,2
4,3,2,13,4,56,20,47,0
1,3,1,8,4,21,29,30,1
7,4,5,9,4,7,29,48,2
4,3,2,9,4,26,28,22,1
13,3,1,16,4,41,3,1,1
4,3,2,9,4,39,29,55,1
8,3,2,13,4,42,7,30,2
1,3,2,13,4,22,29,50,1
2,1,1,3,0,3,16,41,1
4,3,1,15,4,12,30,21,1
4,3,3,15,4,9,29,28,0
4,3,1,18,4,39,29,30,0
8,2,5,9,4,4,29,36,2
9,3,3,16,0,12,16,20,2
8,1,1,9,4,38,26,41,2
4,3,2,3,4,37,29,55,0
7,2,3,9,4,41,29,50,2
4,3,1,18,4,54,29,41,1
25,3,1,10,4,3,23,41,1
4,3,1,18,4,33,23,39,1
4,3,1,18,0,42,29,4,0
17,4,2,9,0,32,25,29,1
9,3,1,9,4,28,29,30,1
7,3,2,15,4,37,29,55,2
4,3,3,9,4,0,29,22,1
4,3,2,18,4,57,29,30,0
7,3,1,18,2,12,29,23,0
4,1,1,15,4,57,15,22,0
1,3,3,16,0,64,26,26,2
13,4,2,15,0,41,26,24,1
1,3,1,15,4,34,29,51,1
4,3,3,9,4,1,29,30,1
0,3,1,6,0,65,27,3,1
4,3,3,15,4,41,28,23,1
7,0,5,11,0,58,29,57,2
4,3,7,9,4,7,29,23,1
4,3,1,18,4,41,21,50,1
7,3,1,9,4,37,17,41,2
4,4,2,9,0,41,29,47,1
4,4,1,0,4,45,29,1,1
9,3,1,15,4,41,3,1,2
23,3,1,18,4,59,29,3,1
9,3,2,15,4,12,29,23,2
7,3,1,18,4,41,27,30,1
4,1,1,15,6,28,25,0,0
4,2,10,9,4,40,23,29,2
4,4,3,15,4,36,29,50,1
4,2,5,9,4,40,28,29,2
1,3,1,3,4,41,29,53,1
7,3,2,18,0,57,24,30,2
7,3,1,3,4,39,20,7,1
4,3,3,15,4,56,25,29,1
7,4,5,15,4,29,25,29,2
7,3,1,9,0,37,28,55,2
4,3,1,13,4,39,29,24,1
10,3,2,9,4,40,27,12,2
7,3,2,3,4,28,16,30,2
0,4,3,9,4,12,21,18,2
7,4,2,18,4,24,4,3,2
4,3,1,3,4,35,29,50,0
4,3,1,9,4,57,29,20,1
9,4,1,18,4,37,11,7,2
4,3,2,18,4,12,2,23,2
7,3,1,9,4,39,24,23,2
27,3,1,8,4,42,28,4,1
4,3,2,18,4,33,24,39,0
7,4,5,9,0,57,29,21,2
4,2,3,18,4,37,24,1,2
4,1,1,15,4,41,20,39,0
1,2,3,9,4,4,29,36,2
4,2,5,9,4,37,27,30,2
4,4,2,9,4,57,9,22,2
3,3,2,13,4,52,24,30,2
7,3,1,15,4,55,28,52,1
7,3,1,9,4,39,29,30,2
4,2,3,16,4,37,29,50,2
4,4,2,15,4,0,29,24,1
4,1,1,18,4,38,29,41,1
9,2,5,18,4,55,4,4,2
4,1,1,18,2,56,29,41,0
14,4,2,3,0,7,29,30,1
9,3,3,15,4,40,21,12,2
33,2,2,13,4,9,29,30,1
20,4,3,8,4,0,29,28,1
4,3,1,9,4,12,18,3,1
7,3,1,8,4,37,30,48,2
4,4,2,10,4,28,29,30,1
4,3,3,16,0,12,15,29,2
7,3,1,12,0,17,29,18,2
4,3,1,9,4,1,29,57,1
4,3,1,15,4,19,28,30,1
7,3,1,6,4,41,24,50,2
7,3,1,3,4,56,29,11,2
4,2,3,15,4,41,20,18,1
0,4,5,9,4,41,26,29,2
33,3,2,15,4,39,25,57,1
4,2,3,18,4,37,2,24,2
4,2,10,9,4,59,26,29,2
4,2,5,18,0,0,29,30,2
1,2,5,15,4,28,29,30,2
0,3,1,15,4,42,29,6,2
4,3,3,9,4,12,30,23,2
1,3,2,18,4,54,29,24,2
25,3,1,15,4,19,29,1,0
7,3,1,15,4,39,27,30,2
4,1,1,18,4,38,29,41,1
9,4,3,9,4,39,26,29,2
9,4,2,13,4,9,29,28,2
4,1,1,8,4,13,3,22,1
7,3,1,15,0,12,29,20,2
7,4,3,9,4,12,29,38,2
7,3,1,9,4,33,13,39,2
4,4,2,15,0,0,30,41,1
4,3,1,15,4,56,29,50,1
4,3,2,18,4,54,29,30,0
4,3,1,16,4,32,16,41,1
7,3,1,9,4,38,26,41,2
32,3,2,8,4,2,29,41,0
4,0,5,10,4,57,29,30,2
7,3,3,9,4,39,29,29,2
4,3,3,18,4,37,10,2,2
7,3,2,8,4,37,12,39,2
4,4,1,18,0,28,29,57,0
4,3,3,6,4,56,28,4,1
4,2,15,9,4,28,28,3,2
4,0,5,10,4,57,29,30,2
4,3,2,9,0,10,21,29,1
4,3,1,8,0,10,24,20,0
8,3,1,15,4,41,20,4,2
4,3,1,8,4,54,29,3,0
4,2,8,10,4,12,29,30,2
27,3,1,8,4,39,21,40,1
4,3,3,9,4,0,22,48,1
4,3,2,18,4,61,29,7,1
4,1,1,3,4,41,28,12,0
7,3,2,18,4,41,29,0,2
4,1,1,3,4,22,29,28,0
8,2,5,15,0,24,29,30,2
4,4,5,9,4,41,29,3,1
1,4,3,18,4,26,28,23,2
4,2,8,9,4,22,28,29,2
4,3,1,18,4,12,29,50,1
8,4,1,18,4,18,29,18,1
4,3,1,9,4,17,29,2,1
2,1,1,3,0,3,16,41,1
4,3,1,3,4,9,29,28,0
4,3,1,8,4,0,29,0,0
7,3,2,18,4,42,29,53,2
8,1,1,8,4,41,12,47,1
7,3,2,9,4,38,14,2,2
7,3,1,8,4,37,17,29,2
4,3,2,16,4,37,20,23,2
4,3,3,8,4,0,16,3,0
4,3,2,15,0,41,29,20,1
8,0,2,9,4,26,28,29,2
1,3,1,8,4,56,9,12,1
0,3,10,18,4,7,29,21,2
8,4,2,13,4,41,26,50,2
7,2,5,9,4,10,14,47,2
4,3,2,18,4,12,7,20,1
33,2,5,13,4,28,29,30,2
4,3,3,9,4,21,29,50,1
9,2,2,18,4,35,29,24,2
4,3,2,18,4,53,29,28,1
4,3,1,15,0,29,17,18,1
1,3,2,18,4,55,29,18,2
4,3,2,9,4,2,28,55,1
7,3,1,3,0,9,29,28,0
4,3,1,15,4,33,3,39,1
4,3,1,10,4,12,29,23,1
9,3,2,13,0,41,29,18,2
0,3,1,3,4,41,29,28,1
8,3,3,9,4,32,22,37,2
4,4,4,16,4,12,25,29,2
1,3,2,13,4,10,27,12,2
7,4,2,13,4,28,29,30,2
4,3,1,3,4,9,29,30,0
4,2,5,9,4,57,29,50,2
9,3,1,15,0,24,27,30,2
7,4,2,18,4,47,5,47,2
4,3,2,4,4,41,29,50,1
1,3,1,18,4,56,28,50,1
7,3,2,15,4,23,28,21,2
4,3,2,9,4,38,14,2,0
3,3,1,15,4,12,1,23,2
4,4,3,9,4,41,24,40,2
9,1,1,9,4,3,20,2,2
4,3,12,16,4,59,19,29,2
4,3,3,9,4,18,29,18,1
31,3,1,18,4,37,28,29,1
7,1,1,18,0,41,28,43,1
4,3,2,9,4,0,27,29,1
4,3,2,10,4,12,29,24,2
4,3,1,9,4,12,24,20,1
9,3,1,9,3,33,29,39,2
4,1,1,8,4,3,21,41,0
4,3,5,9,4,0,22,23,1
4,0,7,9,4,37,22,28,2
4,3,1,8,4,54,29,18,1
4,3,3,18,4,56,1,22,1
1,3,2,3,4,9,29,28,1
1,3,1,8,4,56,29,18,1
9,3,1,8,4,34,28,57,1
4,3,3,13,4,7,29,21,1
4,3,1,15,4,7,28,36,0
4,4,3,9,4,7,9,12,1
20,2,3,9,4,41,17,47,2
0,4,3,9,4,12,21,18,2
4,4,2,18,4,39,29,42,1
0,4,5,9,4,39,22,12,2
4,3,1,9,4,12,17,20,1
4,3,1,9,4,0,29,57,1
1,4,3,18,4,0,5,30,2
4,3,1,9,4,12,19,23,2
7,0,5,10,4,0,29,57,2
4,4,3,10,4,53,12,30,2
4,3,2,9,4,0,29,39,1
4,3,2,13,4,37,24,1,1
4,2,5,10,4,7,29,21,2
4,3,1,9,4,22,29,45,1
20,3,1,9,4,39,28,18,1
0,3,2,13,4,56,2,57,1
4,4,5,18,4,14,29,30,1
1,3,2,3,4,41,29,3,2
8,3,2,9,4,12,29,26,2
1,4,2,18,4,37,19,33,2
7,3,3,15,4,61,26,12,2
4,3,1,18,4,41,5,53,1
9,1,1,3,0,42,29,24,1
13,3,1,15,4,41,3,1,1
11,3,2,9,4,12,27,45,2
7,4,5,9,4,25,5,25,2
4,1,1,18,4,38,29,41,1
4,1,1,3,4,3,16,41,0
9,2,3,9,4,41,28,47,2
1,3,3,18,4,53,29,57,2
0,1,1,9,4,28,29,0,1
7,3,1,15,4,40,29,12,2
9,3,1,9,4,33,29,39,1
7,3,1,8,4,41,16,41,2
3,4,1,18,4,0,29,1,1
4,3,1,8,4,12,16,20,1
4,3,2,18,4,11,29,7,0
7,3,1,15,4,65,28,30,2
8,3,1,8,4,41,16,41,2
1,3,1,0,4,27,29,39,2
1,3,1,18,4,34,29,40,2
25,2,3,9,4,41,29,0,2
1,3,1,8,4,3,23,41,1
13,3,5,18,4,59,29,21,2
4,4,3,8,4,35,29,28,0
32,3,1,9,0,21,29,43,0
4,4,3,18,4,38,24,1,2
17,4,2,8,4,9,24,28,1
7,3,7,6,3,23,14,48,1
4,3,2,18,4,37,21,50,1
8,4,1,15,4,28,29,55,1
25,1,1,15,4,38,7,2,1
4,3,1,9,4,12,16,2,1
9,3,1,8,4,38,28,41,1
7,4,1,18,4,9,1,28,2
4,2,5,9,4,4,28,36,2
4,3,1,15,4,9,9,48,0
4,3,2,9,4,54,22,57,1
4,3,1,16,4,12,7,41,1
1,3,2,3,4,9,29,28,1
4,3,2,18,4,34,29,28,0
33,0,1,8,4,58,29,28,2
22,3,3,9,4,25,29,50,2
4,3,3,9,4,12,21,23,1
4,3,2,18,4,22,28,36,0
9,3,2,15,4,12,28,20,2
9,3,2,15,4,39,29,12,2
20,3,5,8,4,12,29,28,2
4,2,3,16,4,37,18,3,1
4,4,2,10,4,0,30,42,1
4,4,5,15,4,1,29,57,1
27,3,2,9,0,0,17,12,1
9,3,1,15,0,22,29,21,2
20,0,3,9,4,9,29,28,2
4,3,1,9,4,57,29,57,1
4,2,5,9,4,57,15,40,2
7,3,2,15,4,26,28,55,2
4,1,1,18,4,41,29,50,1
33,3,1,18,4,41,29,28,1
33,3,3,18,4,10,20,30,2
4,3,1,18,0,0,29,50,1
9,3,1,8,4,65,29,22,1
4,3,1,13,0,14,29,41,1
4,3,1,3,4,54,29,50,1
4,4,1,8,0,22,28,28,1
4,3,2,15,4,8,29,55,0
7,3,2,15,4,26,28,55,2
4,3,3,9,4,14,26,2,1
9,1,1,8,3,41,6,24,0
4,4,1,9,4,41,29,30,1
4,2,5,16,4,39,19,29,2
13,3,1,15,4,41,3,1,1
4,3,1,15,4,0,11,50,1
30,4,3,9,4,1,29,47,1
9,3,1,18,4,57,29,48,1
20,3,5,8,4,12,29,28,2
4,3,3,9,4,0,18,3,0
16,3,1,8,4,41,16,41,1
28,3,1,9,4,0,28,45,2
20,3,3,8,4,12,29,28,1
4,3,2,9,4,4,29,36,1
4,3,2,9,0,10,28,53,2
4,3,1,8,4,41,22,57,0
4,4,2,15,4,41,29,12,2
30,3,2,13,4,0,19,41,1
1,3,1,9,4,0,29,18,2
4,1,1,18,4,35,28,30,0
7,3,1,18,4,34,1,18,1
7,2,3,15,4,55,29,25,2
3,3,1,9,4,57,29,28,1
4,2,5,13,4,9,17,28,1
9,1,1,9,4,3,20,2,2
4,3,1,9,4,37,29,30,1
7,4,1,16,4,34,29,3,2
7,3,1,4,4,54,29,57,1
4,3,2,18,4,62,25,31,1
7,3,1,3,0,9,29,28,0
4,4,2,9,4,12,29,30,1
4,3,4,8,4,59,7,12,1
4,4,2,9,4,35,25,22,1
7,4,3,15,4,21,7,53,2
4,3,2,9,4,13,29,8,1
9,4,2,18,4,41,29,24,1
9,3,1,8,4,35,29,24,1
4,2,5,9,4,64,29,4,2
8,4,3,8,4,21,20,52,2
4,3,2,16,4,56,24,50,1
7,3,2,15,4,21,29,30,2
4,1,1,18,0,19,25,29,1
7,3,3,3,0,15,28,30,2
7,1,1,8,4,7,29,12,1
7,3,3,6,4,59,29,33,2
4,3,3,18,4,22,2,36,1
27,4,2,9,0,0,12,57,1
7,3,2,9,4,0,29,52,2
2,2,3,16,4,46,29,45,2
4,3,2,15,4,56,29,21,1
4,3,3,3,4,23,28,23,1
4,3,1,8,0,9,28,50,0
4,3,3,8,4,0,29,24,1
16,3,1,2,4,33,29,39,2
1,3,1,15,4,13,29,30,1
4,4,3,9,4,57,29,30,1
7,3,1,8,4,39,12,39,2
32,3,2,15,4,38,27,41,1
8,4,3,8,4,24,5,34,2
4,3,1,15,4,12,29,53,1
4,3,1,15,4,31,29,53,1
4,2,5,11,4,12,2,23,2
8,2,1,9,4,26,17,29,2
8,4,3,9,4,34,1,39,2
4,3,2,9,4,10,29,20,1
0,3,1,18,0,53,29,56,0
0,3,4,13,4,0,26,20,2
4,3,2,13,4,41,29,30,0
4,3,1,8,4,41,29,29,0
9,2,1,5,4,2,29,24,2
9,3,1,3,0,41,28,37,1
9,3,1,3,4,20,29,28,1
33,2,2,18,4,42,29,28,1
7,3,1,3,0,28,28,30,2
4,3,1,13,4,10,18,8,1
25,4,1,16,4,22,27,53,1
1,3,3,18,4,56,29,57,1
7,4,5,9,4,21,29,30,2
7,4,3,13,4,14,27,40,2
4,4,2,15,4,12,20,23,1
4,2,3,9,4,0,23,57,1
4,3,1,3,4,9,29,28,0
13,3,1,16,4,41,3,1,1
9,3,2,9,4,37,29,31,2
7,4,3,15,4,41,29,55,2
4,3,1,15,4,12,2,22,1
32,3,1,6,0,41,29,30,1
7,4,1,15,4,9,3,24,2
26,3,2,8,0,61,29,30,1
1,3,2,8,4,41,29,7,1
4,4,5,9,4,57,29,30,1
4,3,2,9,4,39,19,18,1
4,1,1,6,0,15,26,29,0
4,3,1,15,4,54,29,57,0
4,3,1,8,4,3,29,41,0
4,3,3,9,4,28,29,55,0
9,3,1,4,0,31,19,20,1
4,3,1,15,4,39,7,53,1
31,2,2,15,4,41,29,41,2
0,4,3,15,4,21,28,34,1
4,3,3,18,4,41,29,21,1
4,3,2,18,4,34,26,41,1
9,1,1,9,0,53,29,24,1
10,3,2,9,4,40,27,12,2
1,3,1,10,4,24,10,30,1
4,4,5,9,4,57,27,47,2
14,3,2,15,4,38,27,41,0
4,3,1,18,4,50,22,47,1
0,2,5,16,4,12,9,23,2
7,3,5,18,4,9,16,28,2
10,3,1,18,0,0,29,3,1
4,2,5,9,4,0,29,50,2
33,3,1,13,4,41,30,18,1
1,4,3,6,4,37,4,5,2
4,3,1,18,4,41,29,28,0
20,4,3,8,4,34,29,28,2
1,4,8,10,4,0,3,48,2
4,2,5,15,4,0,18,3,1
4,3,2,8,4,41,14,42,1
4,3,1,9,4,12,29,20,1
3,3,3,18,0,4,29,30,2
1,3,1,9,4,54,30,43,1
13,3,1,9,4,44,29,30,1
4,3,2,9,4,37,4,36,1
4,3,1,3,4,9,28,28,0
1,2,2,8,4,9,29,28,2
4,2,3,9,4,28,21,50,2
0,3,1,8,4,37,21,43,1
13,3,2,18,0,41,26,43,1
4,3,2,3,4,1,29,5,0
4,2,3,9,4,41,29,24,2
1,3,3,8,0,21,3,52,1
3,3,1,9,4,56,9,47,1
4,1,1,9,4,41,19,29,1
4,3,1,3,4,26,29,50,0
4,4,5,16,4,7,19,29,2
30,4,1,15,0,41,13,30,1
4,3,1,18,4,56,29,57,1
4,4,1,9,4,35,26,47,1
0,3,1,8,4,41,29,3,1
4,4,3,9,4,32,18,18,2
10,3,2,15,4,38,27,41,1
4,3,1,8,4,12,2,20,0
27,1,1,18,4,38,29,41,1
7,4,5,15,4,29,25,29,2
4,1,1,9,0,12,26,23,1
4,3,2,15,4,38,27,41,0
4,0,6,10,4,34,17,29,2
0,2,5,9,4,38,1,41,2
7,3,5,16,4,59,19,29,2
17,4,2,8,4,9,24,28,1
0,3,2,15,4,12,26,20,2
4,3,1,3,4,9,25,28,0
7,2,2,15,4,41,29,41,2
7,4,1,9,4,18,13,18,2
7,1,2,9,0,24,26,5,2
2,1,1,3,0,3,16,41,1
4,3,1,8,4,39,12,39,1
9,3,2,15,4,0,29,12,1
4,2,2,15,4,7,29,30,1
4,1,1,8,4,41,21,41,0
7,3,1,16,4,37,29,26,2
4,1,1,3,4,56,29,50,0
7,3,1,6,4,42,29,3,2
4,3,2,13,4,7,28,30,1
1,3,2,13,0,0,22,12,2
4,3,2,9,4,0,26,47,1
4,3,1,15,4,34,30,7,0
1,3,2,18,4,34,29,24,1
3,1,1,3,4,21,29,46,1
33,3,2,18,4,30,29,28,1
4,4,3,9,4,54,29,47,1
4,0,5,18,4,59,28,9,2
0,3,1,18,3,9,29,28,0
4,3,2,9,4,10,29,41,1
4,3,1,9,4,12,29,39,1
1,3,3,13,4,34,29,1,1
0,4,2,9,4,39,26,20,2
1,3,2,18,0,14,21,9,1
9,2,5,9,0,22,29,30,2
7,3,2,9,4,5,28,21,2
4,3,3,9,4,39,22,18,1
11,3,3,3,4,39,21,3,1
4,3,2,9,4,29,29,45,1
7,3,1,15,4,41,19,29,2
27,3,1,3,4,41,29,29,0
0,3,1,3,4,41,27,57,1
7,2,3,13,4,9,10,28,2
7,3,1,15,0,19,29,18,1
1,4,5,15,4,28,29,30,2
7,3,1,13,4,66,29,52,1
4,3,1,9,4,54,29,57,1
1,3,5,9,4,54,29,20,2
1,3,2,15,0,0,21,50,2
7,4,5,16,4,61,19,29,2
33,2,2,18,4,5,28,48,2
4,4,5,9,0,0,28,28,1
4,2,10,18,4,37,29,30,2
4,3,1,9,4,14,29,1,0
4,3,2,3,4,5,29,24,0
4,3,2,15,4,28,29,55,1
8,4,2,9,4,37,19,18,1
16,4,2,15,0,41,26,24,1
7,3,1,18,4,3,29,48,1
9,3,2,9,4,18,20,30,2
0,3,2,15,4,56,12,48,1
4,3,5,9,4,66,27,23,1
33,2,5,8,4,19,29,28,2
4,3,1,18,4,37,29,30,1
4,3,2,9,4,12,2,23,1
4,3,2,3,4,41,29,28,0
4,3,3,16,4,12,24,20,2
27,4,3,9,0,32,4,40,1
1,3,2,9,4,37,6,39,1
7,3,2,6,4,12,29,20,2
9,3,1,4,4,41,7,50,1
4,2,3,18,4,41,25,50,1
9,3,2,9,4,41,29,31,2
27,2,2,18,4,41,29,57,1
4,3,1,8,4,0,29,23,1
25,3,1,15,4,40,29,12,1
4,3,1,8,4,26,29,23,1
4,3,2,3,4,22,5,20,0
0,3,1,3,4,9,29,29,1
4,3,1,16,4,26,19,29,0
4,1,1,18,0,19,25,29,1
1,4,2,18,4,22,29,30,2
4,3,2,9,4,12,14,20,2
4,3,2,9,4,12,29,23,1
4,3,1,9,4,14,23,53,2
4,3,1,15,0,7,29,21,0
3,3,1,18,0,57,28,53,1
33,3,1,9,4,12,14,20,2
4,3,3,18,4,61,26,12,1
8,3,1,8,4,41,29,30,1
7,3,1,8,4,41,16,41,2
4,1,1,9,4,1,16,2,1
9,3,1,18,4,56,29,30,2
17,3,1,9,4,1,29,30,1
4,2,5,13,4,4,29,57,2
4,2,3,16,4,37,29,2,2
4,4,2,18,4,12,2,23,2
1,2,5,0,0,10,5,55,2
1,3,2,3,0,26,29,57,1
4,3,1,15,4,40,19,23,1
4,4,2,9,4,22,27,28,1
7,3,2,9,4,41,29,23,2
7,3,1,8,4,56,28,7,2
4,3,1,9,4,0,29,55,0
9,4,3,10,4,0,4,23,2
21,3,2,15,4,38,27,41,1
4,3,1,18,4,12,29,23,1
4,3,1,3,4,9,29,28,0
1,3,1,8,4,41,29,47,1
1,3,1,8,4,41,16,41,1
4,3,3,13,4,28,30,57,1
4,3,2,9,0,12,29,57,1
7,4,3,15,4,61,26,12,2
4,3,3,15,4,7,29,12,1
0,4,5,15,4,21,21,50,2
21,2,5,9,4,7,11,48,2
4,3,1,8,4,9,27,28,2
8,3,1,3,8,42,26,41,1
7,3,1,15,4,0,29,50,1
0,3,1,15,4,12,7,11,2
4,3,3,8,4,40,8,30,1
4,3,2,15,4,10,29,23,1
32,3,1,15,4,11,22,20,1
20,4,1,9,4,9,29,28,1
4,3,1,18,4,61,28,21,1
1,3,2,18,4,36,7,23,2
9,3,1,15,0,19,28,24,2
7,3,3,9,4,54,11,50,2
1,3,1,15,0,2,27,52,1
7,3,1,18,4,17,29,24,1
4,3,1,8,4,56,29,57,1
4,3,2,15,4,40,29,12,1
7,3,1,18,4,54,29,48,2
4,2,5,18,4,7,29,35,2
4,3,1,9,4,19,24,5,2
9,3,1,9,4,30,29,40,2
7,3,1,9,4,50,29,47,2
9,4,2,15,4,41,26,50,2
4,3,5,9,4,29,28,57,1
33,3,2,13,4,14,29,24,0
3,2,1,18,4,57,29,18,2
7,3,3,9,4,17,29,18,2
3,3,2,13,4,2,29,7,1
4,3,2,18,4,3,29,41,1
4,3,1,10,4,12,15,23,1
4,1,1,10,4,3,18,41,1
4,1,1,8,4,13,3,22,1
4,2,4,9,4,39,29,7,1
4,3,2,9,4,1,29,1,1
7,3,5,9,0,12,4,20,2
4,3,1,10,4,35,27,50,1
28,3,3,4,4,21,29,52,2
8,3,1,9,4,57,9,47,1
4,3,3,15,4,56,29,23,1
8,1,1,15,0,18,25,5,1
7,3,1,18,4,41,29,57,2
4,3,3,18,4,39,29,57,2
4,2,2,18,0,12,29,30,2
7,3,2,8,4,41,25,7,2
4,3,2,15,4,10,21,3,1
4,1,1,9,4,33,18,39,1
7,3,2,9,4,26,10,57,2
4,1,1,9,4,0,20,53,1
4,3,1,18,3,18,29,50,0
4,3,1,15,4,40,20,12,1
7,1,1,6,4,54,29,30,1
4,3,3,9,4,0,29,30,2
1,3,3,9,4,34,2,1,2
4,3,2,8,4,41,28,7,0
0,2,5,16,4,12,9,23,2
8,3,2,13,4,0,29,24,1
4,1,1,18,4,56,8,30,1
4,3,1,10,4,57,10,50,1
7,2,5,9,4,37,28,31,2
7,1,1,3,4,42,29,7,1
4,3,2,9,3,34,29,20,1
7,3,2,9,4,22,29,30,2
4,3,2,3,4,39,21,57,1
8,4,1,9,4,21,28,30,2
0,2,5,9,4,38,1,41,2
1,3,1,15,4,56,29,18,1
4,3,2,9,4,12,29,20,1
4,3,2,15,0,41,29,30,1
4,1,1,6,2,34,27,5,0
4,2,3,16,4,41,29,50,2
4,4,1,9,4,17,27,47,2
1,4,2,15,4,39,14,21,2
20,4,2,8,4,12,29,28,2
4,3,2,9,4,37,21,20,1
1,3,3,9,4,54,22,43,2
4,3,2,13,4,62,24,50,1
4,3,1,13,4,0,29,3,0
4,3,2,9,4,39,28,29,1
1,3,1,3,4,41,29,50,1
4,2,2,18,4,41,26,57,1
4,3,1,15,4,37,29,50,1
17,3,2,18,4,41,29,18,1
28,2,10,10,4,57,28,50,2
4,3,1,15,4,0,29,57,1
8,3,1,16,4,34,16,30,1
1,2,5,9,4,41,29,47,2
7,3,1,9,4,1,21,47,1
4,3,1,15,4,12,29,29,1
1,1,1,18,4,33,29,39,2
4,2,5,11,4,37,6,20,2
7,3,1,9,4,34,29,33,1
1,4,2,9,4,22,29,50,2
4,3,3,9,4,54,28,41,1
4,3,2,10,4,12,29,20,1
27,3,2,13,4,56,10,57,1
4,3,3,9,4,12,13,29,2
4,4,5,18,4,59,29,55,1
33,4,10,10,4,59,29,30,2
4,2,3,8,4,39,29,32,1
9,2,3,15,4,38,17,24,2
33,3,3,18,4,17,29,28,2
4,0,5,15,0,8,29,9,1
3,3,1,9,4,54,29,22,2
1,3,3,9,4,39,28,29,2
7,3,2,16,4,61,19,29,2
4,1,1,18,4,42,22,57,1
4,2,7,9,4,29,29,30,2
4,2,3,9,4,29,29,16,1
8,3,2,9,4,41,4,4,2
8,3,1,8,4,21,29,30,1
4,3,5,15,4,0,28,7,1
4,3,1,8,4,42,16,41,0
20,3,5,8,4,12,29,28,2
4,3,2,18,4,12,28,29,1
4,2,10,16,4,39,29,30,2
4,3,2,15,4,35,22,37,1
4,3,1,9,4,29,29,41,1
1,3,1,18,4,49,29,30,1
4,3,2,15,4,41,29,57,1
4,3,5,10,4,41,28,22,1
4,4,3,15,4,22,29,0,1
4,3,2,15,4,52,18,8,1
4,0,5,10,4,53,25,42,2
4,3,1,3,0,15,29,20,0
4,3,1,13,4,40,12,7,1
11,4,3,18,4,1,29,18,1
4,3,1,3,4,35,29,50,0
20,4,3,8,4,34,29,28,2
27,3,2,9,0,0,17,12,1
4,3,1,6,4,9,29,28,0
4,2,3,10,0,22,27,4,2
4,2,5,18,4,40,9,12,2
1,3,1,9,4,0,29,18,2
4,3,1,13,4,18,28,50,1
7,2,3,15,0,54,29,50,2
7,2,2,15,0,21,29,57,2
4,3,2,8,4,40,28,53,0
9,3,1,15,4,41,3,1,2
1,4,1,3,0,25,20,53,1
1,3,2,9,4,3,21,41,1
1,3,1,18,0,56,21,9,1
3,4,3,9,4,12,25,20,2
9,3,1,6,0,9,29,28,1
9,4,2,16,4,37,12,20,2
7,4,3,9,4,34,28,48,2
4,3,2,9,4,38,14,2,0
0,4,3,9,4,12,21,18,2
1,3,1,11,4,33,24,39,1
4,3,1,9,4,40,29,17,1
0,4,3,9,4,19,28,53,2
7,4,2,9,4,12,8,20,2
27,4,3,15,4,9,16,28,1
4,1,1,8,4,35,3,22,2
9,3,2,8,4,41,29,57,2
9,3,1,8,4,19,29,18,1
3,3,1,15,4,1,30,41,1
4,1,1,9,4,43,20,2,0
4,3,1,9,4,34,29,21,1
4,2,5,9,0,61,30,21,2
4,2,8,9,4,7,25,29,2
7,3,3,16,4,1,29,7,2
4,2,5,10,4,29,29,22,2
4,4,3,16,4,50,13,57,1
4,3,2,9,4,12,27,18,2
9,4,2,15,4,21,15,28,2
7,3,1,9,4,57,29,39,2
4,3,1,8,4,41,24,29,1
1,3,1,9,4,41,29,57,1
4,3,3,9,0,33,30,39,1
33,3,2,15,4,56,30,57,2
7,2,10,9,4,0,21,29,2
1,3,1,18,4,56,29,47,1
1,2,1,13,4,9,2,28,2
4,3,1,9,4,13,16,29,1
9,3,2,9,4,12,6,57,2
7,3,5,15,4,24,28,57,2
9,4,3,16,4,40,22,57,2
4,2,5,18,4,59,29,35,2
9,3,1,15,4,39,24,20,2
7,4,2,9,4,54,1,50,2
4,4,2,9,4,0,28,36,1
4,3,2,18,4,22,27,30,1
7,2,2,10,4,0,13,3,2
31,2,2,15,4,41,29,41,2
7,3,2,13,4,13,22,37,2
4,3,2,8,0,12,27,23,1
4,3,1,9,4,26,7,20,1
4,3,2,18,8,33,17,39,1
4,4,2,16,0,41,26,57,1
4,3,1,9,4,13,27,57,1
25,4,1,13,4,22,29,28,0
3,3,1,3,3,9,29,28,0
7,2,1,18,4,21,29,46,2
4,3,2,6,4,9,29,28,0
25,3,3,9,4,57,28,29,2
4,3,2,9,4,54,29,51,1
8,3,2,8,0,3,28,41,1
4,2,3,9,4,28,24,55,2
4,4,3,16,4,12,27,23,2
1,3,1,3,4,30,29,40,0
7,4,3,18,4,22,21,28,2
4,4,1,10,4,12,30,29,2
4,1,2,3,4,26,29,19,0
4,3,2,16,4,39,19,29,2
4,3,1,9,4,37,24,43,1
4,3,2,15,0,0,28,47,0
32,2,5,9,4,58,10,45,2
4,2,2,9,4,7,29,36,1
9,3,1,13,4,34,29,57,2
4,3,1,15,0,33,25,42,1
4,2,5,18,0,5,29,29,2
32,1,1,3,4,41,29,57,1
4,2,3,10,4,57,29,30,2
4,3,1,9,4,37,25,2,1
4,3,1,9,4,12,29,21,1
0,1,1,3,4,42,29,8,1
13,3,2,15,4,38,27,41,0
1,2,3,10,4,54,29,50,2
4,3,2,18,4,42,29,42,1
12,4,4,18,4,61,29,30,2
9,3,2,15,4,38,27,41,1
7,3,3,9,4,12,4,29,2
4,3,1,3,4,34,30,3,0
1,1,1,18,4,54,29,28,2
7,3,3,9,4,37,11,50,2
4,2,5,9,4,57,25,29,2
4,3,1,8,4,41,24,29,1
0,3,1,9,4,12,5,20,2
4,4,2,11,4,12,15,50,2
4,2,2,9,4,22,29,30,2
4,3,2,6,4,41,29,3,1
7,1,2,9,4,34,29,50,1
4,3,3,9,4,10,12,22,2
4,3,2,9,4,11,27,5,1
19,3,1,15,4,38,14,2,1
4,3,1,9,4,3,18,41,0
4,3,1,13,4,22,21,3,1
4,4,5,18,4,9,27,28,1
7,3,4,18,4,21,29,30,2
3,0,1,18,4,12,29,20,2
9,3,1,8,4,42,30,30,1
4,3,2,8,4,61,25,22,0
4,2,3,9,0,41,29,24,1
1,2,6,18,4,39,27,30,2
1,3,1,13,0,37,19,20,1
33,0,1,8,4,58,29,28,2
7,3,2,15,4,39,29,57,2
3,3,2,15,4,12,16,20,2
4,3,1,18,0,12,29,50,1
7,3,5,16,4,22,25,7,2
7,3,1,3,0,28,29,28,1
8,4,3,13,4,37,29,3,2
4,3,4,18,0,61,29,18,1
8,4,2,15,4,41,29,50,1
7,3,1,9,4,37,27,4,1
32,3,1,3,4,41,29,50,1
4,3,2,18,0,56,29,48,0
33,4,3,18,4,41,29,57,2
4,2,2,8,4,37,29,57,1
0,3,3,8,4,12,5,20,2
33,3,2,9,4,39,24,30,1
4,1,1,15,4,39,27,19,0
12,4,3,18,4,14,29,45,2
1,3,2,18,4,56,8,57,1
33,3,2,16,4,35,29,28,2
25,4,1,16,4,22,27,53,1
1,4,2,8,4,22,22,57,1
25,3,1,3,4,41,20,7,0
20,3,1,8,4,12,29,28,2
33,0,1,8,4,58,29,28,2
9,3,2,9,4,38,14,2,2
4,3,1,8,4,40,29,57,0
32,3,2,9,4,40,27,12,1
33,4,2,9,4,12,14,20,2
20,3,3,8,4,12,29,28,1
4,2,5,9,4,34,24,2,2
1,3,2,16,4,37,28,55,2
4,1,1,15,0,12,29,30,1
25,2,5,16,4,5,19,29,2
4,3,2,14,4,53,18,35,1
4,3,2,18,4,12,1,20,2
4,3,1,8,4,23,29,57,1
0,3,5,3,4,65,18,48,2
28,3,1,15,4,38,14,2,1
4,3,3,8,0,12,29,20,1
1,3,1,8,4,59,1,12,1
4,4,3,9,4,57,29,55,1
7,3,1,10,4,12,28,20,2
7,2,3,17,4,38,29,2,2
4,2,2,18,4,12,26,23,2
1,3,1,13,4,56,28,3,1
4,3,2,18,4,37,29,55,1
4,4,3,10,4,0,29,50,1
4,3,2,6,4,9,29,28,0
7,2,5,16,4,1,19,29,2
7,4,5,15,4,39,13,24,2
4,3,2,9,4,56,23,53,1
10,3,1,18,0,56,29,3,1
4,1,1,8,4,1,3,22,2
9,3,1,3,4,41,8,35,2
4,3,1,18,4,9,14,1,0
9,2,5,10,4,39,28,7,2
4,3,1,9,4,55,29,36,0
8,3,1,9,4,48,26,0,2
7,3,1,15,4,4,29,30,2
33,1,1,8,4,22,29,28,1
1,2,1,18,4,0,29,20,2
4,3,1,18,4,37,29,24,1
4,4,3,16,4,54,29,52,1
2,3,1,16,4,41,3,1,2
33,3,1,13,0,38,25,2,1
4,2,2,15,4,26,28,29,1
11,4,3,11,4,57,29,45,2
9,4,3,9,4,22,29,21,2
0,1,1,8,4,3,16,41,1
4,3,1,15,4,22,29,30,1
25,3,2,15,4,41,27,3,1
4,3,1,18,4,54,29,57,1
4,3,2,9,4,32,27,20,2
4,2,5,10,4,33,20,39,2
1,3,2,8,0,9,29,47,1
4,3,1,10,4,53,12,20,1
1,4,5,9,4,21,21,29,2
9,3,1,13,4,0,29,0,1
1,3,2,18,4,41,18,50,1
8,3,1,15,4,26,27,30,1
4,0,8,10,4,3,29,29,2
9,2,5,9,4,39,29,57,2
3,3,1,15,4,26,29,24,2
4,4,3,16,4,40,22,20,1
1,4,5,9,4,62,12,8,2
8,3,2,8,0,3,28,41,1
4,3,1,15,0,57,14,29,1
7,3,1,15,4,39,25,0,2
4,1,1,9,4,35,22,20,1
4,3,1,13,4,3,26,20,1
4,4,2,9,4,52,30,50,1
4,3,1,16,4,23,19,29,1
1,3,2,8,4,21,13,50,1
20,3,1,8,4,12,29,28,2
0,2,1,8,4,39,29,52,2
7,3,3,9,4,0,28,30,2
4,3,2,6,0,7,29,36,1
33,3,2,18,4,0,29,30,1
4,3,1,6,4,42,29,17,0
9,2,7,15,4,7,23,21,2
8,1,1,8,4,54,29,50,1
7,3,2,15,0,0,4,7,2
7,4,5,9,4,7,27,30,2
4,3,1,13,4,41,29,29,1
4,4,5,10,4,54,27,41,2
4,3,1,9,0,39,29,24,1
4,3,1,15,4,43,21,57,1
1,3,2,8,4,42,29,47,2
4,3,1,16,4,10,29,23,2
4,2,3,0,4,0,29,30,2
10,3,1,3,4,3,29,29,1
27,3,1,8,3,3,23,41,2
7,3,1,9,4,12,13,20,2
7,3,2,9,0,57,29,3,2
0,3,4,13,4,0,26,20,2
9,3,2,9,4,22,23,57,2
7,2,1,9,4,37,29,51,2
27,2,5,15,4,28,29,55,2
4,3,1,3,4,13,29,30,1
4,3,3,8,4,5,29,30,1
1,3,1,13,4,19,29,40,0
7,1,1,18,4,38,29,41,2
8,1,1,8,4,42,29,41,1
4,4,2,15,4,36,29,57,1
4,4,5,9,0,61,29,30,2
8,4,3,9,4,41,29,50,2
7,4,1,8,4,52,29,24,1
20,3,1,8,4,12,29,28,2
7,3,1,9,4,56,28,57,2
4,3,3,9,4,12,29,23,2
3,3,1,8,4,10,29,53,1
7,1,1,6,0,56,23,7,0
11,4,2,18,4,37,23,22,2
3,1,1,15,4,12,27,20,2
7,2,3,18,4,7,27,48,2
6,3,2,18,4,33,26,39,1
7,3,1,6,4,24,29,30,2
7,2,5,9,4,1,29,29,2
7,3,2,6,4,0,29,48,1
10,3,1,8,3,34,4,30,1
8,3,1,13,4,34,29,51,1
4,3,2,3,4,35,29,57,0
7,4,3,18,4,37,29,52,2
4,3,2,15,4,56,29,28,0
4,3,1,13,4,56,19,5,1
4,4,5,9,4,0,29,48,2
33,3,1,13,4,41,29,24,1
7,4,1,9,0,17,29,30,2
4,3,5,9,4,10,28,57,1
7,4,2,9,4,61,29,30,2
4,3,3,9,4,54,28,43,1
4,3,2,16,4,55,19,29,2
4,3,2,9,4,3,23,20,1
4,3,1,15,4,33,29,24,0
4,3,1,14,4,34,30,30,1
4,4,3,9,4,10,26,41,1
9,3,1,18,4,37,29,30,1
4,4,4,9,4,12,27,20,2
33,3,3,18,4,17,29,28,2
1,3,2,15,4,54,29,28,2
4,3,1,18,4,30,5,40,1
7,3,1,8,4,41,16,41,2
9,4,1,9,4,57,29,57,2
4,4,4,9,4,42,19,5,1
4,2,3,9,4,12,21,23,2
4,1,1,8,2,37,22,41,0
17,3,1,8,4,41,25,50,1
4,2,5,9,4,12,29,22,2
0,3,1,18,4,33,29,39,1
7,4,3,16,4,23,29,48,2
9,3,2,9,4,63,27,28,2
10,2,1,8,4,34,4,30,2
4,4,2,3,4,41,14,50,1
1,4,5,15,4,22,3,30,2
4,3,1,8,4,41,24,29,1
4,4,3,10,4,57,29,30,1
9,4,2,15,4,54,29,28,2
9,3,2,6,4,41,12,30,2
4,3,2,8,4,0,18,3,1
29,2,8,18,4,46,29,47,2
4,1,1,9,4,0,16,2,1
4,3,5,10,4,12,5,20,2
3,4,2,9,0,57,4,50,1
1,4,5,15,4,6,29,30,2
9,3,2,9,4,56,29,24,1
0,3,2,9,4,4,29,30,1
4,4,3,16,4,10,19,29,2
4,3,1,9,4,56,7,20,1
4,1,1,9,0,32,29,39,1
4,3,1,9,3,33,1,57,0
4,3,1,9,4,19,20,40,0
11,4,3,9,4,33,28,39,1
7,3,1,15,4,54,29,57,2
0,1,1,16,0,41,15,50,1
4,3,1,18,4,0,29,12,1
4,3,2,3,4,9,29,30,0
8,3,1,18,0,12,29,50,2
4,4,3,10,4,37,20,40,1
4,2,10,11,4,1,5,29,2
20,4,2,8,4,12,29,28,2
4,2,5,18,4,2,23,20,2
4,4,5,9,4,57,27,47,2
1,3,1,15,4,34,29,21,1
3,4,4,9,4,2,7,40,2
4,3,2,15,0,0,29,52,0
7,3,1,15,4,21,27,30,2
4,3,2,18,4,9,30,28,0
4,3,3,15,4,0,24,28,1
6,1,1,3,4,9,29,28,0
7,4,6,9,4,59,26,29,2
9,3,1,9,0,0,28,47,2
4,2,2,8,5,41,29,50,1
32,3,1,15,4,14,27,30,1
33,3,1,8,4,41,16,41,1
4,3,1,9,4,61,29,7,1
33,3,2,3,4,9,29,28,1
9,3,1,15,4,42,3,22,2
8,3,1,9,4,52,29,30,1
7,3,2,16,4,12,19,29,2
7,3,2,3,4,53,16,28,1
0,1,1,8,4,34,29,8,1
9,4,2,15,4,55,25,28,2
33,3,2,15,4,38,27,41,1
4,3,2,9,4,12,29,20,1
7,3,1,9,4,7,4,48,2
7,1,1,3,4,39,20,7,1
7,3,1,8,4,1,29,48,2
4,3,1,18,0,54,29,5,1
1,3,2,3,0,42,22,12,1
4,3,3,18,0,54,29,35,1
4,3,1,8,4,54,29,24,0
4,3,2,10,0,29,14,20,1
8,3,1,8,4,28,28,55,1
4,4,1,15,4,34,29,57,1
32,3,2,9,4,38,14,2,1
4,3,2,8,4,22,9,57,1
4,4,5,18,0,59,25,57,2
4,3,3,9,4,0,29,10,1
4,3,3,9,4,54,29,50,1
4,1,1,9,4,35,4,11,0
33,3,2,18,4,30,29,28,1
4,4,3,9,0,28,29,30,1
4,2,5,9,4,37,24,2,2
4,3,1,9,4,39,23,29,1
4,2,3,18,4,41,25,50,1
4,3,1,9,4,12,16,20,2
4,3,2,15,4,14,24,53,1
4,3,4,15,4,11,1,19,0
4,3,5,18,4,12,29,8,1
4,4,2,9,0,60,29,30,1
7,4,1,18,4,41,29,3,1
4,3,2,18,4,38,26,2,1
33,3,3,9,4,56,29,28,1
0,2,2,15,4,41,29,41,2
9,3,2,9,4,12,29,4,2
7,3,1,9,4,7,4,48,2
7,3,1,3,4,9,28,28,1
4,2,3,9,4,62,29,53,2
4,3,2,9,4,0,8,30,1
4,4,1,9,4,26,29,22,1
4,3,1,9,4,12,28,20,2
4,4,3,10,4,39,19,29,2
4,3,2,18,0,54,24,55,1
1,3,1,9,4,21,25,30,1
9,4,1,9,4,37,1,28,2
4,3,1,9,0,36,27,50,1
4,2,3,9,4,22,28,45,2
0,4,2,9,4,39,26,20,2
4,4,5,9,4,52,29,43,2
4,3,1,18,4,57,22,22,1
4,2,5,18,4,26,18,41,2
4,1,1,15,4,37,29,57,0
9,3,2,9,4,37,25,20,2
10,3,2,15,4,28,30,55,1
7,1,1,8,0,3,26,41,1
1,3,1,18,3,30,29,40,0
4,2,3,9,4,28,24,55,2
20,3,1,8,4,12,29,28,2
4,3,3,9,4,0,29,17,1
4,4,2,9,4,57,29,22,1
4,2,5,9,4,12,6,21,2
20,3,3,8,4,12,29,28,1
22,4,3,9,4,10,29,50,2
4,3,1,9,4,39,16,20,1
4,3,1,8,4,41,10,48,0
7,3,1,8,4,18,29,24,1
4,3,1,15,4,34,29,44,1
4,4,3,18,4,38,24,1,2
1,4,2,18,4,34,29,30,2
4,3,3,15,4,10,26,29,1
4,4,3,9,4,34,29,39,1
28,2,10,10,4,57,28,50,2
10,3,1,3,4,3,29,29,1
4,3,1,9,0,54,23,28,1
7,4,5,18,4,57,29,31,2
4,2,8,9,4,57,28,45,2
4,3,2,9,4,57,18,50,1
4,3,2,9,4,12,1,20,2
8,4,5,3,4,37,29,30,2
4,4,5,10,4,29,5,20,2
33,3,1,15,4,56,26,21,1
4,3,1,9,4,40,29,12,0
7,4,1,9,4,21,13,18,2
18,3,4,9,4,38,14,2,1
4,3,2,9,4,39,19,18,1
1,3,5,3,0,23,16,30,1
9,3,1,8,4,54,29,51,2
4,2,5,9,4,21,30,42,2
4,3,2,9,4,1,29,55,1
4,3,1,13,4,1,10,48,0
4,2,2,18,4,12,23,24,2
7,3,2,15,4,26,28,55,2
7,4,5,15,4,22,27,20,2
9,3,4,15,4,39,30,24,2
7,3,1,15,4,40,29,12,2
1,3,1,18,4,57,30,30,2
7,3,2,15,4,26,28,55,2
4,3,1,9,0,0,29,12,0
28,3,1,15,4,38,14,2,1
4,4,5,10,4,4,29,36,1
4,1,1,3,4,22,29,50,0
4,4,5,18,4,0,29,50,1
4,3,2,9,4,37,28,18,1
20,4,2,8,4,12,29,28,2
4,3,1,15,4,41,28,50,1
27,3,1,3,4,41,29,29,0
8,3,1,15,4,0,9,23,2
4,3,1,13,0,19,25,18,1
33,3,1,3,4,18,29,5,0
4,3,3,18,4,22,30,42,0
15,4,3,9,4,1,29,0,2
7,3,2,9,4,33,6,39,1
4,4,1,18,4,33,29,39,1
1,3,2,18,4,41,29,50,1
9,3,2,15,4,5,21,48,2
9,4,2,9,4,41,29,50,1
1,2,2,10,4,44,24,57,2
4,1,1,15,4,56,25,29,1
33,3,1,3,4,5,29,24,1
4,3,3,9,4,56,16,57,1
4,3,1,15,4,40,29,7,2
0,3,2,15,4,56,27,47,1
1,4,5,15,4,4,29,36,2
4,3,1,9,4,22,29,45,1
4,3,1,8,4,37,29,30,1
20,0,2,8,4,57,29,28,2
1,3,2,9,0,57,29,22,1
4,2,5,18,4,42,29,28,2
7,1,1,18,4,12,27,20,2
4,3,2,3,0,36,29,57,1
4,4,2,10,4,12,30,29,2
7,3,1,18,4,0,27,30,2
8,0,5,15,0,24,23,52,2
9,3,1,3,4,42,7,50,1
4,1,1,9,4,17,29,18,1
4,3,2,18,0,34,28,57,1
3,1,1,3,0,12,29,30,1
4,3,3,3,4,41,27,7,1
4,3,1,8,0,41,29,57,0
4,3,3,8,4,4,29,36,0
4,3,1,18,4,54,29,28,1
1,4,2,15,4,39,14,21,2
7,3,5,16,4,39,19,29,2
4,2,5,13,4,4,29,57,2
1,3,1,9,4,37,1,21,2
4,3,1,18,4,1,29,1,0
7,3,1,13,4,56,29,30,1
4,3,2,9,4,4,29,21,1
4,3,2,6,4,41,29,3,1
8,2,5,16,4,39,29,20,2
4,3,2,9,0,57,29,45,1
4,1,1,9,0,32,29,39,1
27,3,1,15,4,13,25,7,1
9,4,1,18,4,14,29,55,1
4,4,3,9,4,34,7,20,2
7,2,2,9,4,66,29,36,2
4,3,3,3,4,41,27,7,1
16,1,2,3,4,28,16,30,1
7,3,1,15,4,37,19,29,2
4,3,2,10,4,44,28,11,1
4,3,2,18,4,12,25,29,2
4,2,3,18,4,37,24,1,2
25,3,1,10,4,3,23,41,1
4,3,5,10,3,33,13,39,0
4,2,3,16,4,62,22,20,2
4,3,1,3,4,28,29,21,1
7,4,5,15,4,7,27,30,2
4,1,1,15,0,41,23,42,1
4,3,2,15,4,40,29,57,1
7,3,2,15,0,4,29,21,2
1,3,1,14,4,29,29,55,1
1,3,1,9,4,63,29,30,2
29,3,1,18,4,21,29,12,2
4,3,1,8,4,41,22,57,0
4,2,3,9,0,59,16,37,1
4,3,1,4,4,39,29,24,1
7,3,2,15,4,41,29,11,2
8,4,5,13,4,21,29,30,2
4,2,3,9,4,37,29,35,1
33,3,3,18,4,0,30,24,2
29,3,1,4,0,41,19,50,1
9,1,1,3,4,59,23,30,2
4,3,5,8,4,39,23,19,2
8,4,3,9,0,41,29,30,2
4,1,1,18,4,42,19,53,1
9,2,1,8,4,41,14,3,2
9,3,2,9,4,4,29,21,2
4,2,5,18,4,36,29,20,2
7,3,1,15,4,12,11,20,2
4,3,5,9,4,4,29,36,1
33,3,3,18,4,38,17,24,2
7,4,5,15,4,10,27,30,2
8,2,3,18,4,23,20,52,2
7,3,1,15,0,19,29,18,1
4,3,2,15,4,38,27,41,0
1,3,1,18,0,14,21,9,1
0,4,2,16,4,41,29,7,2
4,4,3,15,4,12,30,23,2
4,3,3,9,4,12,21,18,2
4,3,2,6,4,30,19,40,1
9,3,2,13,4,37,27,46,2
4,4,5,9,4,29,27,29,2
20,4,1,9,4,9,29,28,1
4,2,2,16,4,34,27,50,2
2,1,1,3,0,3,16,41,1
4,3,3,9,0,62,23,53,1
0,3,1,15,4,34,28,50,1
4,4,1,18,4,37,29,50,1
4,3,1,9,4,3,6,41,1
0,2,5,9,4,38,1,41,2
4,3,5,15,4,12,29,3,2
7,3,3,15,4,1,29,52,1
4,4,2,9,4,12,29,47,1
7,3,1,9,4,34,29,43,2
4,3,1,9,4,10,29,31,1
4,3,1,16,4,32,16,28,1
0,3,1,3,4,30,29,40,1
4,3,1,9,4,3,6,41,1
4,1,1,8,4,13,3,22,1
4,3,1,8,0,56,25,5,0
8,1,1,6,0,41,25,3,1
7,3,2,18,4,59,30,57,2
1,3,2,9,4,54,25,50,2
4,3,2,9,4,57,28,33,1
9,3,2,18,4,4,28,48,1
4,4,3,18,4,10,29,39,2
9,3,1,15,4,40,29,7,2
9,4,3,3,4,4,29,51,1
4,2,3,15,4,57,29,30,2
9,3,1,15,4,41,29,50,2
9,3,2,9,4,39,29,55,2
4,3,3,9,4,37,3,23,2
4,3,3,15,0,2,28,21,0
4,2,5,15,4,0,26,29,2
4,3,1,18,4,22,29,47,1
4,3,1,13,4,10,24,20,1
4,3,1,9,4,39,29,57,1
4,3,2,9,4,14,20,39,2
7,4,2,9,4,57,29,30,2
4,3,2,9,4,37,3,23,1
23,3,1,18,4,42,29,57,0
9,3,1,15,4,43,21,24,2
4,2,5,15,4,41,28,40,2
9,3,2,9,4,57,8,7,2
7,1,1,15,4,37,29,26,2
7,0,10,18,4,63,28,30,2
9,3,1,8,4,38,28,41,1
0,3,1,8,4,39,29,47,1
33,4,1,18,4,17,29,28,2
4,3,1,16,4,12,8,23,1
1,4,3,9,4,21,23,30,2
9,4,3,18,4,39,29,57,2
11,3,2,15,4,38,27,41,0
4,3,4,15,4,12,12,20,2
4,3,5,9,4,12,5,20,2
4,3,2,9,4,1,29,18,0
4,3,1,9,4,0,29,50,1
30,3,2,15,0,3,19,41,1
1,3,1,3,0,9,29,28,0
4,3,2,9,4,37,12,22,1
7,3,1,15,4,38,14,2,2
8,4,5,3,4,37,29,30,2
4,3,2,9,4,34,29,50,1
9,3,2,15,4,35,23,30,2
4,4,5,10,4,63,26,29,2
4,3,3,11,4,0,29,45,2
4,2,5,9,4,32,21,3,2
4,2,5,10,4,39,19,29,2
4,3,1,18,4,34,29,28,0
4,2,5,9,4,37,27,50,2
4,3,2,9,0,12,24,20,1
4,3,3,15,4,34,23,28,1
4,3,1,8,4,22,28,43,0
7,3,1,3,4,5,29,24,2
9,4,3,9,4,7,24,21,1
9,3,1,18,4,57,25,30,2
4,3,1,13,0,41,27,50,0
4,2,3,15,4,39,29,57,2
4,3,3,18,4,0,29,31,1
0,3,5,10,4,41,1,21,1
7,4,2,15,4,0,14,30,2
4,3,3,9,4,4,27,47,1
27,1,3,13,4,22,29,57,1
8,3,1,8,4,41,16,41,2
9,3,1,9,4,0,9,41,2
4,2,3,10,4,12,29,57,2
7,4,3,8,0,22,29,31,2
4,4,2,13,4,36,29,50,1
4,3,2,13,4,56,29,36,1
4,3,2,18,4,7,29,21,1
4,2,5,9,4,0,26,47,2
1,3,1,18,4,26,29,41,1
9,3,2,18,4,56,27,57,1
4,3,3,16,4,38,26,2,1
9,2,5,9,4,57,29,30,2
28,3,1,8,4,13,26,45,2
4,4,5,9,0,12,27,20,2
4,3,2,13,0,65,29,21,1
4,1,1,9,4,0,19,5,1
23,3,1,18,8,37,29,23,1
4,3,1,6,4,0,29,21,1
4,4,5,18,4,9,1,28,1
33,3,1,18,4,30,29,28,1
4,2,3,9,4,32,4,29,2
4,4,2,9,4,22,28,36,1
10,2,1,8,4,34,4,30,2
4,4,2,9,4,37,29,24,1
33,4,2,18,4,48,27,0,1
32,2,5,15,4,41,29,55,2
4,3,1,3,4,37,29,28,0
4,1,1,15,0,10,1,20,1
31,2,5,9,4,7,29,24,2
1,4,3,15,4,7,29,21,2
4,3,5,10,0,61,27,4,0
4,3,3,9,4,12,26,20,1
7,3,2,10,4,33,29,39,2
13,3,1,15,4,41,3,1,1
33,4,1,18,4,17,29,28,2
4,3,5,16,4,12,15,23,1
19,4,2,10,0,22,29,28,1
32,3,2,9,4,57,30,21,1
0,2,2,18,4,8,29,50,1
6,3,1,8,4,3,16,41,0
15,4,5,9,4,0,29,0,2
7,3,1,8,4,12,4,20,2
1,3,1,9,0,55,22,12,2
4,0,8,10,4,1,24,50,2
22,4,3,9,4,57,29,30,2
4,3,5,18,4,34,29,30,1
4,4,2,13,4,57,30,2,1
7,4,3,9,0,41,22,48,2
4,3,1,3,4,22,29,55,0
4,3,2,9,0,9,13,46,1
4,3,1,8,0,41,26,57,0
4,3,2,9,4,35,29,50,1
4,3,1,16,4,39,29,11,2
1,3,3,10,4,57,3,48,2
7,3,2,9,4,12,25,57,2
7,3,1,18,0,42,23,24,2
4,1,1,9,4,43,20,2,0
3,1,1,9,4,37,16,2,1
4,3,2,9,4,0,29,18,1
7,3,2,9,4,33,29,39,2
4,3,4,3,4,41,20,40,1
4,3,1,3,4,42,18,3,1
4,3,1,10,4,54,29,7,0
11,3,3,3,4,19,29,45,2
4,3,1,15,4,0,29,50,0
4,3,2,6,4,57,3,22,2
4,4,5,16,4,10,19,29,2
25,3,1,6,4,61,16,53,0
9,3,2,18,4,12,28,20,2
7,3,1,3,5,56,26,29,2
4,4,3,9,4,4,29,36,1
0,2,3,9,4,41,23,57,2
4,3,2,18,4,34,25,57,0
7,3,1,13,4,28,8,55,2
4,2,5,16,4,39,29,55,2
7,3,2,10,4,59,29,30,2
0,1,1,6,4,41,29,24,1
1,3,2,9,4,12,29,30,2
0,3,1,8,4,37,21,43,1
4,4,5,9,4,0,29,5,2
0,3,1,13,4,53,29,24,1
17,3,2,4,4,56,29,7,1
7,3,1,3,4,9,29,28,1
4,3,3,15,4,37,27,30,0
4,3,1,6,4,42,12,50,0
4,3,1,4,4,41,21,50,1
33,3,1,18,4,34,29,18,1
4,1,1,8,2,53,29,51,0
4,3,5,16,4,52,11,12,1
33,3,1,13,0,41,27,3,1
4,3,2,18,4,53,27,50,1
7,3,2,18,4,34,29,50,1
9,4,3,9,4,57,29,1,2
9,3,3,13,4,22,29,4,2
4,1,1,9,4,17,29,18,1
4,4,3,9,4,34,29,30,2
8,4,8,15,0,21,29,30,2
0,3,1,18,4,54,29,30,1
4,4,3,9,4,28,28,55,2
9,4,5,10,4,15,27,30,2
1,3,1,15,4,0,28,48,1
7,3,2,16,4,22,19,29,2
4,3,1,18,4,34,22,50,1
20,3,3,8,4,12,29,28,1
4,2,3,9,4,34,29,53,2
4,4,5,3,4,55,29,30,1
7,3,2,9,4,38,14,2,2
8,3,1,9,0,18,25,5,2
4,4,1,9,4,32,29,20,2
4,3,1,15,4,56,29,55,1
7,4,3,10,0,21,29,57,2
7,4,4,10,4,12,4,20,2
3,4,2,18,4,22,29,28,1
4,3,2,9,4,1,22,48,1
1,3,1,15,4,57,24,55,1
4,3,1,8,4,41,24,29,1
1,4,2,15,4,39,14,21,2
7,1,1,13,4,53,29,48,2
10,2,2,15,4,41,29,41,2
1,3,1,3,4,41,29,50,1
4,3,2,8,0,34,28,50,1
0,4,2,13,4,34,29,48,1
33,3,3,9,4,14,20,30,1
4,2,4,10,4,0,29,21,2
7,4,4,16,4,12,29,57,2
3,3,2,8,0,41,12,28,1
3,2,3,16,4,0,29,24,2
4,2,1,9,4,22,29,57,2
4,3,3,15,4,4,29,36,0
0,3,3,8,4,12,5,20,2
4,4,3,18,4,38,24,1,2
0,4,2,9,4,39,26,20,2
16,3,2,15,4,38,27,41,0
25,3,1,15,4,38,14,2,1
4,3,2,9,4,42,29,39,1
13,3,1,18,4,33,19,39,1
4,3,2,18,4,4,29,36,1
9,3,2,13,4,56,5,42,2
3,1,1,15,4,12,27,20,2
4,2,5,9,4,1,26,39,2
4,3,3,9,4,10,8,18,2
4,3,2,8,0,9,29,28,0
4,3,1,15,4,57,29,50,1
2,1,1,3,0,3,16,41,1
4,3,1,8,0,11,26,23,0
4,1,1,16,4,5,4,57,2
1,1,1,18,4,15,29,30,1
8,3,1,18,4,9,25,28,1
4,2,5,9,4,0,25,29,1
4,3,2,3,4,56,29,3,0
0,2,5,16,4,12,9,23,2
7,4,1,9,4,41,8,50,2
4,3,2,9,4,14,29,22,1
9,1,1,3,4,41,20,7,2
7,3,5,11,4,13,5,29,2
1,2,5,16,4,10,26,29,2
2,1,1,3,0,3,16,41,1
9,3,1,15,4,41,3,1,2
33,3,1,3,4,41,29,28,0
1,3,2,9,4,33,25,39,2
7,3,2,15,4,56,29,30,2
4,3,1,15,4,1,7,53,1
13,2,5,9,0,7,21,29,2
4,3,2,18,4,12,3,20,1
4,3,2,13,4,8,29,55,1
7,3,1,18,3,33,29,39,1
11,3,1,15,4,41,3,1,1
7,3,2,9,4,33,30,39,2
7,3,2,9,4,38,14,2,2
1,2,5,9,4,55,26,22,2
9,3,3,3,0,15,6,21,2
8,4,3,9,0,34,29,28,1
4,3,1,9,4,40,29,12,0
9,4,2,9,4,35,27,28,2
4,2,3,9,4,28,24,55,2
20,0,5,8,4,0,29,28,2
8,1,1,15,4,3,29,41,1
7,3,1,8,4,41,16,41,2
9,3,2,15,4,41,8,18,1
4,4,5,15,4,61,26,52,1
4,3,2,15,4,22,29,30,1
1,3,1,15,0,56,22,43,1
20,0,5,8,4,0,29,28,2
20,0,5,8,4,57,29,28,2
4,4,3,10,4,12,25,20,2
4,3,3,15,4,22,24,28,1
4,1,1,18,8,53,29,48,0
7,3,2,8,4,12,29,20,2
1,3,2,6,4,56,29,57,1
4,2,1,18,4,18,29,57,0
1,3,1,15,4,54,1,52,1
27,3,1,8,4,41,16,41,1
33,4,2,15,4,22,20,30,1
8,4,2,6,4,10,26,39,2
4,1,1,15,0,10,26,57,0
7,3,2,9,4,0,29,55,2
4,3,1,3,4,56,29,40,0
7,3,1,6,0,40,29,30,2
7,3,1,9,4,0,1,46,1
1,3,5,9,4,0,29,4,2
4,3,3,15,4,11,27,23,1
4,4,2,9,4,12,29,53,2
0,2,2,10,0,41,12,50,2
0,4,1,15,4,39,28,55,2
9,4,1,8,4,28,29,50,1
28,3,1,9,4,0,19,24,1
4,3,2,9,4,37,30,47,0
4,4,2,9,4,1,27,1,1
4,3,3,9,4,7,29,57,1
5,3,1,8,4,38,16,41,0
1,3,3,15,4,7,29,21,1
9,3,1,8,4,26,14,3,2
4,3,3,3,4,23,28,23,1
1,3,2,18,4,55,24,23,2
7,4,1,9,4,57,1,30,2
4,4,1,9,4,0,28,21,1
4,3,1,6,2,51,29,57,0
4,3,3,15,0,10,28,47,0
7,3,1,13,4,3,29,41,2
4,4,3,9,4,12,29,23,2
4,3,6,15,4,10,18,22,2
7,3,1,16,4,1,30,37,2
4,4,1,9,4,41,29,30,1
4,3,2,18,4,54,22,47,1
7,1,2,8,0,34,29,24,1
9,3,2,3,4,41,30,24,1
9,1,1,10,4,39,3,41,2
4,3,2,18,4,37,9,38,0
7,3,5,11,4,37,11,48,1
7,4,2,6,0,41,30,41,2
1,3,2,9,4,61,29,7,2
4,2,1,18,4,37,29,40,1
4,3,1,18,4,29,29,28,1
4,3,2,9,4,54,29,40,1
33,3,1,10,4,0,29,30,2
25,3,2,15,4,38,27,41,0
7,3,3,8,0,41,28,50,2
2,3,1,16,4,41,3,1,2
4,3,1,8,4,3,23,41,0
27,3,1,3,4,41,29,29,1
4,3,1,15,4,53,7,40,1
12,4,1,15,4,22,27,4,1
1,3,2,8,4,0,29,57,2
4,3,2,15,4,56,29,21,1
4,3,1,8,4,39,1,57,1
32,2,5,9,4,28,28,55,2
0,2,2,18,4,51,29,35,2
4,3,3,9,4,0,9,48,0
4,2,6,18,4,12,25,29,2
33,3,2,8,4,9,29,28,1
7,3,2,16,0,42,29,57,2
4,3,1,18,4,12,29,20,1
8,3,3,18,4,14,23,22,2
4,4,3,9,4,48,28,21,1
9,2,3,9,4,37,4,4,2
4,3,2,18,4,24,29,35,1
4,3,1,18,4,28,29,55,1
25,3,2,9,4,38,14,2,1
4,4,3,13,4,22,29,30,1
25,2,3,18,4,14,20,2,2
4,2,3,18,4,58,29,28,1
4,4,3,9,4,0,29,30,2
9,1,1,3,4,41,29,30,2
1,4,4,16,4,12,9,20,2
4,1,1,8,4,35,3,22,2
4,3,1,8,4,37,29,30,1
17,4,2,8,4,57,29,39,0
33,3,2,15,4,41,29,7,1
17,4,3,15,4,9,16,28,1
10,3,1,15,0,38,28,2,1
0,3,1,13,4,53,29,24,1
4,3,3,15,4,57,29,28,0
4,4,5,9,4,26,29,55,1
4,3,5,15,4,0,19,55,1
1,2,5,18,0,14,21,9,2
7,1,1,18,4,54,29,34,1
0,1,1,8,4,38,7,2,1
33,3,1,15,4,14,25,30,1
0,3,5,18,4,12,6,20,2
4,3,1,15,4,0,29,50,1
4,3,1,18,4,0,26,57,0
4,3,1,9,0,12,28,50,1
12,3,5,15,4,46,29,45,2
9,4,2,13,4,28,29,55,2
12,3,1,8,4,41,16,41,1
4,4,3,18,4,38,24,1,2
9,3,1,15,4,41,3,1,2
1,4,1,18,4,24,29,24,2
4,1,1,18,0,54,29,39,0
1,3,1,18,4,34,29,55,2
7,3,1,9,4,57,20,20,2
1,4,3,8,4,41,29,21,2
9,3,1,18,4,18,29,50,2
7,3,2,13,4,66,29,30,2
4,4,4,6,4,59,30,55,1
7,3,1,6,4,23,29,28,2
4,3,1,15,4,34,20,50,1
4,3,1,15,4,22,29,18,1
4,3,3,9,4,57,21,29,1
4,0,2,18,4,35,29,50,1
32,3,1,6,4,61,16,53,0
1,0,5,15,4,7,29,21,2
4,4,2,15,4,57,22,21,1
1,2,4,9,4,37,25,50,2
0,3,1,15,0,38,26,2,1
4,3,3,3,4,41,27,7,1
4,0,15,9,4,3,25,29,2
7,3,3,15,4,41,29,57,2
4,2,10,10,4,29,28,23,2
1,3,2,18,0,1,29,24,2
13,3,1,16,4,41,3,1,1
4,3,3,9,4,12,29,57,1
23,3,1,18,4,42,29,57,0
4,3,2,3,4,41,29,57,0
4,1,1,9,4,43,20,2,0
3,4,2,16,0,63,21,0,2
4,3,3,9,4,35,26,26,1
20,4,2,8,4,12,29,28,2
4,4,2,18,4,1,29,57,1
33,3,3,18,4,17,29,28,2
4,3,2,9,4,56,16,29,1
7,3,2,9,4,41,29,28,2
7,3,1,18,0,42,23,24,2
4,3,1,18,4,34,29,40,1
4,0,10,18,4,37,26,55,2
4,1,1,9,4,41,19,29,1
4,4,3,18,4,57,29,57,1
1,2,4,16,4,41,29,50,2
4,3,1,18,4,10,3,23,1
33,3,2,16,4,37,29,18,2
4,2,5,10,4,37,23,29,2
4,3,1,8,4,42,16,41,0
10,4,2,9,4,23,5,4,2
4,4,2,9,4,35,25,22,1
4,2,2,14,4,54,29,57,1
4,3,1,9,0,57,20,21,1
4,2,3,9,0,36,29,50,2
4,3,1,18,4,52,29,40,1
4,3,2,8,0,39,28,30,1
9,3,1,9,4,24,20,50,2
7,4,3,8,4,59,29,21,2
4,3,2,8,4,41,28,7,0
4,2,2,15,4,41,29,41,2
7,0,5,9,4,41,29,57,2
7,3,5,8,4,59,29,21,2
8,3,1,18,4,57,29,30,1
7,3,3,3,0,41,28,47,1
4,2,2,9,4,1,24,55,1
23,4,2,3,4,41,29,3,1
33,2,1,16,0,24,29,24,2
4,3,1,9,4,14,1,57,0
1,1,1,3,4,59,29,30,1
4,1,1,9,0,66,29,21,1
9,3,1,8,4,37,29,57,2
1,3,1,15,4,0,29,7,1
4,4,1,18,0,61,29,7,1
4,3,1,8,4,54,27,19,1
4,2,5,18,0,57,29,30,2
8,4,3,18,4,57,26,39,2
4,3,1,5,4,12,4,20,1
6,3,1,9,4,22,29,30,1
4,1,2,4,4,33,29,39,1
1,3,1,15,4,35,29,57,1
4,3,1,9,4,57,26,29,1
9,3,2,8,4,57,20,55,2
9,3,1,18,4,18,29,18,1
9,3,1,13,4,40,29,12,1
7,3,1,15,0,26,29,29,2
7,1,2,6,4,21,29,50,2
3,3,2,15,3,0,29,28,0
4,4,3,9,4,12,29,29,2
26,3,2,8,0,61,29,30,1
7,4,2,15,4,28,29,3,2
1,3,2,18,4,12,3,23,2
9,3,1,15,4,35,29,30,1
0,4,5,9,4,39,22,12,2
0,3,1,15,0,41,24,55,1
0,3,3,18,4,57,3,33,2
4,3,1,18,4,15,29,9,0
4,3,5,18,4,35,29,57,0
4,3,2,15,0,57,29,29,0
4,2,2,9,4,34,30,16,1
3,3,2,8,4,11,16,20,2
7,2,5,18,4,0,29,57,2
4,3,2,6,0,9,29,28,0
7,4,3,18,4,37,29,30,2
3,1,1,13,4,34,29,48,1
8,3,1,3,4,3,21,41,1
4,4,5,9,4,28,11,55,2
20,4,2,8,4,12,29,28,2
4,3,1,3,4,21,25,51,0
0,2,2,15,4,41,29,41,2
4,2,5,18,4,12,28,2,2
4,3,2,3,4,15,29,48,0
0,4,5,9,4,39,22,12,2
7,3,1,8,4,41,16,41,2
13,3,2,15,4,38,27,41,0
9,3,2,18,4,22,29,46,2
7,4,3,15,4,0,29,30,2
4,4,5,10,4,12,25,20,1
7,3,2,18,4,41,18,50,1
1,1,1,9,4,54,28,57,2
1,3,2,18,4,57,6,30,1
7,3,2,8,4,59,29,21,2
9,3,3,8,4,37,29,0,2
1,3,3,9,4,41,12,28,2
4,3,1,18,4,61,29,21,0
1,3,1,6,4,56,29,30,1
4,3,2,10,4,12,22,20,1
9,3,1,15,4,38,14,2,2
4,4,3,15,4,29,16,5,1
4,3,3,16,4,12,19,29,2
7,2,5,9,4,57,24,55,2
4,3,1,18,4,0,29,7,0
4,1,1,9,4,61,2,7,1
7,2,3,9,4,0,29,29,2
2,1,1,3,0,3,16,41,1
4,3,1,10,4,37,27,18,1
4,3,1,9,4,1,29,8,1
1,3,2,13,4,56,29,36,1
4,2,3,16,4,37,29,2,2
1,2,5,9,4,21,29,57,2
7,3,2,13,4,38,27,41,2
20,3,1,8,4,41,16,41,1
7,3,2,16,4,6,19,29,2
4,4,1,9,4,10,29,23,2
4,3,1,9,4,12,29,48,1
7,2,5,9,4,59,28,30,2
7,3,3,18,4,23,29,30,2
4,4,3,10,4,29,19,29,2
1,4,2,15,4,21,29,30,2
4,3,2,15,4,10,24,20,1
1,3,3,18,4,1,9,4,2
1,3,1,18,4,41,29,22,2
4,4,3,9,4,41,7,10,1
4,3,1,8,0,41,29,57,0
4,3,3,18,0,54,29,48,1
4,3,1,9,4,39,22,5,1
4,3,2,9,4,12,11,29,1
11,3,2,18,4,59,21,3,1
31,4,3,6,4,9,16,28,1
7,3,1,18,4,42,29,55,2
1,3,2,8,4,41,25,7,2
4,3,2,15,4,0,29,50,0
1,3,2,18,4,59,29,3,1
13,3,1,15,4,41,3,1,1
9,1,1,8,4,38,7,2,1
19,3,1,15,4,38,14,2,1
1,3,2,15,4,54,29,21,1
7,1,1,18,0,41,28,43,1
7,2,5,18,4,36,5,47,2
1,3,1,18,4,34,29,40,1
4,3,1,8,4,61,30,50,0
4,3,1,6,0,21,29,28,0
4,2,4,18,4,34,26,13,1
4,3,2,9,4,10,26,2,2
28,2,1,18,4,57,28,29,2
8,3,2,3,4,9,23,28,1
1,3,1,9,4,7,22,21,2
1,3,1,15,4,12,28,3,2
4,3,1,8,4,41,24,29,1
33,3,1,13,4,37,24,33,1
17,4,3,9,4,41,29,55,2
4,0,12,9,4,39,29,30,2
7,3,1,18,4,55,29,24,2
4,3,2,16,4,54,6,20,2
8,3,2,18,4,28,29,30,1
7,1,3,9,0,0,29,30,2
4,3,2,15,4,52,29,39,0
4,3,2,9,4,57,22,21,1
1,3,1,18,4,34,29,47,1
3,3,2,9,4,34,29,44,2
1,3,2,9,4,4,29,36,2
4,3,1,8,4,22,29,50,0
4,4,5,10,4,48,29,24,1
4,3,2,14,4,26,29,12,1
4,3,2,15,4,42,14,21,0
33,2,5,8,4,19,29,28,2
13,3,1,15,4,41,3,1,1
8,3,2,9,4,50,29,28,2
4,3,2,8,4,12,17,20,2
4,3,3,15,4,38,28,2,2
7,3,2,18,4,54,18,50,1
4,4,2,15,4,28,29,55,1
7,2,11,9,4,22,23,29,2
4,3,3,8,4,41,29,3,0
33,3,2,16,4,35,29,28,2
4,3,2,15,4,40,29,23,2
11,2,3,9,4,40,13,45,2
9,3,3,3,4,41,23,28,2
7,2,2,9,4,13,18,30,2
4,4,7,9,0,7,28,21,1
2,3,1,16,4,41,3,1,2
4,3,3,9,4,0,29,55,2
4,3,2,15,0,56,29,30,1
7,3,3,8,4,40,29,57,2
9,3,2,15,4,61,25,57,2
4,4,2,8,4,13,2,55,1
7,4,3,16,4,24,19,29,2
19,3,3,3,4,39,23,22,1
27,4,2,8,4,41,1,57,1
1,3,1,18,4,56,29,57,1
7,3,1,18,4,41,29,24,2
4,3,1,18,4,13,26,21,1
23,3,1,18,4,42,29,57,0
4,1,1,9,4,17,27,40,1
8,3,1,8,4,28,28,55,1
4,1,1,9,4,43,20,2,0
7,1,2,13,4,21,8,30,2
33,2,5,8,4,19,29,28,2
27,3,3,15,4,41,8,18,1
9,2,3,9,4,37,22,41,2
4,3,2,18,4,39,29,30,1
9,3,2,15,4,6,18,48,2
4,4,1,8,0,41,29,57,1
1,3,1,18,4,0,27,50,2
4,2,5,10,4,28,19,29,2
7,3,3,15,4,10,27,20,2
4,3,3,15,4,12,2,20,2
7,2,2,16,0,0,29,18,2
4,1,1,3,4,41,21,41,0
7,3,1,15,4,39,25,0,2
9,3,1,15,4,12,29,20,2
4,3,2,8,4,9,29,28,0
1,3,2,9,0,39,22,12,1
7,3,5,6,4,23,29,30,2
4,4,1,18,4,12,24,20,2
4,4,3,9,4,37,29,50,1
31,2,2,15,4,41,29,41,2
8,3,2,15,4,54,23,29,2
9,3,1,15,4,0,29,0,2
4,4,5,15,4,0,2,47,1
8,2,3,18,4,21,29,30,2
7,3,1,18,0,57,29,22,2
33,2,3,15,4,24,30,57,2
7,4,5,9,4,23,29,30,2
9,3,1,15,4,0,28,40,2
20,3,1,8,4,12,29,28,2
4,3,3,18,4,33,29,39,1
7,3,2,16,4,0,19,29,2
4,3,1,3,4,22,29,24,0
1,4,3,8,4,0,27,30,1
4,2,5,18,4,37,24,1,2
4,3,2,9,0,56,27,50,1
4,3,1,9,4,39,22,21,1
4,3,1,9,4,12,14,20,1
4,3,3,9,4,56,9,12,0
28,3,1,8,4,41,28,4,1
20,3,1,8,4,41,24,29,1
4,4,3,16,4,12,22,20,2
4,3,2,6,4,57,3,22,2
4,3,1,6,4,10,29,23,0
33,3,1,8,4,39,21,40,2
27,4,2,9,0,41,10,57,2
2,3,1,9,0,42,29,29,2
9,3,1,15,4,10,27,28,2
8,1,1,4,4,28,29,24,1
7,4,3,9,4,61,29,29,2
8,4,3,9,0,41,29,30,2
9,3,1,9,4,57,29,52,1
4,4,5,18,4,4,25,51,1
16,3,1,8,4,41,16,41,1
4,2,5,10,4,12,29,30,2
0,3,2,9,4,12,5,20,2
20,4,3,8,4,34,29,28,2
4,3,1,8,4,22,26,57,1
1,3,1,3,4,12,29,50,1
7,2,6,10,4,57,29,30,2
9,2,3,10,4,1,20,24,2
4,3,1,18,4,4,29,57,0
4,1,1,8,3,49,29,24,0
7,1,1,3,4,21,29,29,2
4,3,3,8,4,59,26,29,1
4,3,1,8,4,41,16,41,0
7,3,2,15,4,0,17,30,2
27,3,2,6,4,15,29,3,1
8,1,1,13,4,21,28,30,1
9,3,1,9,4,37,12,50,1
7,4,5,16,4,59,19,29,2
27,2,2,9,4,0,12,57,2
4,4,2,18,4,12,29,30,2
4,4,3,8,0,12,29,29,2
9,3,1,15,4,55,14,22,2
4,3,1,15,4,12,4,20,1
7,3,2,8,4,41,29,57,2
22,1,1,9,4,38,26,41,2
23,3,1,18,4,59,29,3,1
4,3,1,18,4,65,29,21,1
4,3,1,13,4,56,29,57,0
0,3,2,9,4,12,16,29,2
7,1,1,9,4,3,16,2,1
3,2,10,10,4,39,19,29,2
4,3,3,8,4,24,29,57,0
4,3,2,15,4,10,24,20,2
4,3,1,18,4,12,29,18,0
4,3,2,9,4,57,29,56,1
1,4,5,15,4,59,3,57,2
0,4,5,13,4,24,29,51,1
4,3,2,18,4,39,29,20,1
33,4,5,15,4,28,21,30,2
0,3,2,9,4,12,5,20,2
7,2,5,9,4,57,29,30,2
4,2,1,15,4,9,27,28,1
8,3,2,8,4,41,25,7,1
7,2,3,9,4,57,29,18,2
7,3,2,16,4,1,19,29,2
4,3,3,3,4,23,28,23,1
4,3,3,9,4,57,3,12,1
4,3,1,3,4,41,20,7,0
4,3,1,18,4,9,29,28,0
7,3,1,15,4,39,25,0,2
8,3,3,15,4,22,29,36,2
4,1,1,15,0,0,25,42,1
6,3,1,9,4,22,29,30,1
4,4,2,9,4,57,29,1,1
4,3,5,16,4,12,15,23,1
7,3,3,9,4,33,29,39,2
4,4,5,9,4,57,27,47,2
4,3,1,3,4,42,21,20,0
4,3,2,18,4,54,28,14,1
3,3,1,6,4,12,15,41,2
1,3,1,13,4,4,30,36,1
20,3,1,8,4,12,29,28,2
27,4,1,13,0,61,29,55,1
3,3,2,15,4,0,26,30,1
7,3,3,10,4,41,27,23,2
20,3,1,8,4,12,29,28,2
7,2,1,15,4,55,29,24,2
27,3,1,8,4,41,24,29,1
4,1,1,8,4,38,7,2,0
8,4,3,15,4,41,18,30,2
4,3,2,13,4,54,29,30,0
7,3,1,15,4,54,26,30,2
4,3,3,9,4,57,29,30,1
9,4,2,9,4,41,29,50,1
4,3,5,18,0,12,27,20,2
4,3,1,3,4,34,29,55,1
4,2,2,9,4,17,10,39,1
9,3,2,15,3,3,20,50,2
7,3,1,15,4,10,29,53,2
4,3,1,10,4,12,15,23,1
13,2,5,9,4,21,22,21,2
1,3,1,6,4,4,29,36,1
4,3,1,9,0,55,20,21,1
4,3,2,16,4,37,19,29,2
33,4,2,18,4,21,20,30,2
1,3,1,9,4,12,24,5,2
1,3,2,18,4,66,29,30,1
4,3,2,8,0,9,29,28,0
4,3,5,9,4,12,5,20,2
4,4,2,9,4,12,26,18,1
1,4,3,18,4,21,28,23,2
8,4,2,15,4,41,28,47,2
4,3,2,13,4,54,15,30,1
4,3,1,9,4,13,29,42,0
4,3,2,15,4,12,13,23,1
9,3,1,13,4,35,27,28,2
28,4,2,4,0,13,24,12,2
4,1,1,8,2,54,28,47,0
4,3,2,9,4,0,29,39,1
1,4,3,18,4,57,15,7,2
4,3,1,3,4,41,12,3,0
30,0,15,18,4,21,29,30,2
4,4,3,9,4,41,29,24,1
4,3,1,9,0,52,4,20,1
1,3,1,18,4,41,15,6,2
4,4,5,9,4,57,27,47,2
23,3,1,18,8,37,29,23,1
4,3,3,9,4,34,27,50,1
33,3,1,13,0,38,25,2,1
4,2,4,9,4,37,26,24,2
9,4,2,18,4,12,7,20,2
1,2,5,9,0,34,19,43,2
9,3,3,9,4,41,29,30,2
1,3,1,3,0,9,29,28,0
4,3,3,18,4,35,29,50,1
9,3,2,9,4,12,30,20,2
7,4,3,15,4,57,29,30,2
7,3,2,18,4,30,4,30,1
4,3,1,9,4,0,29,30,1
9,3,2,9,4,37,24,23,2
1,3,3,9,4,57,29,8,2
27,3,1,8,3,3,23,41,2
10,3,1,8,4,41,21,19,2
2,1,1,3,0,3,16,41,1
9,4,2,9,4,54,28,7,2
27,4,2,8,4,41,1,57,1
4,3,1,18,0,56,29,50,0
4,4,2,9,4,22,29,47,1
4,3,3,9,4,55,16,1,1
4,3,1,9,4,14,29,22,1
10,3,1,15,4,14,18,55,1
4,4,5,9,4,34,29,50,1
9,3,1,3,0,15,9,47,1
9,4,2,15,4,12,29,52,2
4,2,7,9,4,57,23,3,1
1,3,1,6,4,54,20,3,1
9,1,1,9,4,9,15,28,2
0,2,3,9,4,37,25,22,2
4,3,3,15,4,28,29,55,1
1,3,1,13,4,35,29,50,1
7,2,3,9,4,57,27,50,2
23,3,1,15,0,10,24,20,0
4,3,1,18,4,54,29,50,1
4,2,3,15,4,32,11,2,2
9,1,2,8,4,12,29,50,2
8,2,5,9,4,0,29,22,2
1,3,3,8,4,0,29,36,1
4,3,2,9,4,24,27,53,2
4,1,1,9,4,10,26,23,2
4,2,5,10,4,7,28,18,2
4,4,2,18,4,59,21,3,1
7,3,1,10,4,39,19,29,2
0,3,1,15,4,33,5,39,2
4,3,1,13,4,41,29,50,1
9,1,1,18,3,33,1,20,1
3,4,2,15,4,54,24,50,2
7,3,2,15,4,1,29,30,2
0,3,3,8,4,12,5,20,2
4,3,1,9,4,39,28,5,1
25,3,1,10,4,3,23,41,1
9,3,1,18,4,65,29,7,2
1,1,1,9,4,39,29,39,1
4,3,1,15,4,22,29,28,1
4,4,3,9,4,57,16,18,1
23,3,2,15,4,38,14,2,1
4,2,3,10,4,34,29,22,1
20,4,2,8,4,12,29,28,2
9,2,5,15,4,28,28,30,2
19,3,3,3,4,39,23,22,1
1,3,3,9,4,56,8,37,1
4,3,1,9,4,28,27,7,1
4,1,1,9,4,37,16,2,1
4,3,1,8,4,12,2,20,0
8,4,2,16,4,37,12,20,2
10,3,2,9,4,40,27,12,2
4,4,2,18,4,0,29,57,1
0,3,1,3,4,9,29,29,1
9,4,2,9,4,57,12,15,2
4,3,1,18,4,40,29,20,1
11,4,3,11,4,57,29,45,2
9,3,5,9,4,0,29,55,2
1,3,2,9,4,7,22,21,2
15,1,1,15,4,0,29,41,0
0,0,3,18,4,34,29,20,2
7,3,1,15,4,39,25,0,2
4,4,2,9,4,54,29,22,1
7,2,3,9,4,41,23,41,2
27,3,1,8,3,3,23,41,2
7,3,2,18,0,24,29,50,1
20,3,1,8,4,12,29,28,2
4,4,1,13,4,41,29,35,1
4,1,1,15,4,54,29,28,0
33,3,1,3,4,0,29,15,0
4,3,2,9,0,1,25,22,1
4,3,3,15,4,1,24,23,1
4,1,1,9,4,56,28,6,1
23,3,1,15,0,10,24,20,0
28,4,1,15,4,55,26,45,2
4,3,3,16,4,7,29,21,1
7,2,4,10,4,57,29,39,2
17,3,2,18,4,41,29,18,1
33,4,1,18,4,17,29,28,2
4,4,3,15,4,9,23,29,1
1,1,1,6,4,21,29,57,1
9,3,2,13,4,7,2,21,2
4,4,2,9,4,54,29,51,1
4,3,3,15,4,7,22,21,1
13,3,2,18,0,41,26,43,1
7,2,1,10,4,37,29,39,2
7,3,1,15,7,33,28,39,2
4,3,2,15,4,57,29,23,1
13,4,1,15,4,21,18,30,2
4,3,1,18,0,9,29,28,0
7,3,1,3,4,25,29,28,2
4,4,4,18,4,0,29,57,1
4,4,1,15,4,26,29,50,1
4,4,3,13,4,34,17,28,1
4,3,2,15,4,39,29,53,1
4,3,1,6,4,12,29,34,1
7,3,2,8,4,40,28,47,1
1,3,2,3,4,9,26,26,1
4,3,2,9,4,52,24,6,1
8,3,1,8,4,41,16,3,1
4,3,3,9,4,34,26,39,1
7,3,2,9,4,0,29,0,2
4,3,3,11,4,0,29,45,2
27,2,3,15,4,9,16,28,1
1,1,1,8,4,38,7,2,1
1,4,3,9,4,22,25,50,2
9,2,3,18,4,37,29,2,2
7,4,3,18,4,37,29,28,2
4,3,1,9,4,12,21,19,1
4,3,2,18,4,12,1,20,1
7,3,1,8,0,3,19,41,2
4,1,1,18,4,0,29,40,0
4,3,3,15,4,0,2,47,1
4,3,2,18,4,54,29,35,1
4,3,2,9,4,22,29,30,1
1,1,1,4,4,54,29,21,1
9,2,2,9,4,19,29,40,2
4,1,1,9,4,12,14,20,2
4,2,10,10,4,57,19,29,2
4,3,2,9,4,38,14,2,2
4,2,7,9,4,65,25,29,2
4,2,2,15,4,39,29,41,2
4,3,2,9,4,10,28,20,1
4,3,1,9,4,40,29,12,0
9,4,3,9,4,0,25,29,2
4,3,1,13,4,56,19,5,1
4,4,1,15,4,3,14,3,1
4,3,4,9,4,0,29,45,1
8,3,1,13,4,39,29,29,1
8,1,1,15,4,59,27,30,1
8,4,5,4,0,61,30,21,2
4,3,1,15,4,42,28,30,1
7,3,2,16,4,21,19,29,2
7,3,1,10,4,33,6,39,1
4,1,1,9,4,2,16,2,1
9,3,1,13,4,34,29,24,1
4,3,1,18,0,41,28,55,0
25,2,5,9,4,9,29,28,1
1,4,3,10,4,4,3,48,2
13,3,1,16,4,41,3,1,1
0,2,3,9,4,12,27,20,2
9,3,3,9,4,0,27,28,2
4,3,2,15,4,38,27,41,0
4,3,1,15,4,26,28,29,1
8,2,2,16,4,37,30,40,1
9,2,10,9,4,21,28,40,2
9,4,2,9,4,56,29,47,2
0,3,1,8,4,41,24,29,1
10,3,3,15,4,0,29,0,2
10,4,2,15,0,41,26,24,2
7,3,3,16,4,57,29,28,2
27,4,2,8,4,41,1,57,1
9,3,1,9,0,57,29,30,2
4,2,5,9,4,37,25,29,2
7,3,1,16,4,37,29,30,2
7,4,2,9,4,0,19,50,2
7,3,1,13,0,61,29,30,2
4,3,5,9,4,12,26,20,2
27,3,2,18,4,7,29,21,1
4,3,1,15,4,26,30,29,1
4,3,1,9,4,41,29,28,0
4,1,1,3,0,38,28,43,0
13,3,3,3,0,48,29,21,2
23,2,1,18,4,37,21,18,1
4,3,2,9,4,12,22,20,1
4,0,10,10,4,1,19,29,2
4,2,5,18,4,37,24,1,2
0,4,1,18,4,5,27,22,2
4,3,3,16,4,12,19,29,2
7,3,1,9,4,38,26,41,2
4,1,1,9,4,0,20,2,0
20,3,5,8,4,12,29,28,2
4,3,1,18,4,54,14,55,0
4,3,2,9,4,57,29,41,1
7,4,4,8,4,10,29,20,2
4,3,3,8,4,7,29,30,1
4,3,1,13,4,0,29,50,1
4,3,1,18,0,35,29,50,1
33,3,2,3,4,21,30,46,1
2,1,1,3,0,3,16,41,1
7,3,1,18,4,55,29,24,2
0,3,5,9,4,12,17,20,2
4,2,3,9,4,0,29,7,1
11,4,2,18,4,37,23,22,2
9,3,3,9,4,7,29,21,2
1,3,2,9,4,24,20,53,2
9,1,1,9,4,13,29,30,2
1,1,1,3,4,56,17,24,0
7,2,10,9,0,7,29,29,2
4,3,3,18,4,12,29,23,1
3,4,3,9,4,41,22,28,2
1,3,1,15,4,54,1,52,1
8,3,1,8,4,41,14,21,2
4,3,2,9,0,1,29,57,1
4,3,1,18,4,0,29,57,0
4,3,1,3,0,9,29,28,0
1,4,4,9,4,57,5,0,2
33,0,1,8,4,58,29,28,2
3,3,1,9,4,57,29,28,1
1,2,10,15,4,28,16,24,2
1,2,3,13,4,61,23,24,2
4,3,2,18,4,26,29,39,1
4,1,1,8,4,13,3,22,1
4,3,2,9,4,4,29,21,0
4,3,1,10,4,24,28,57,0
4,3,1,15,4,0,29,50,0
1,3,2,15,4,21,29,30,2
4,3,3,9,4,57,22,55,1
4,3,1,13,4,10,29,23,1
4,3,1,8,4,54,29,8,1
4,3,3,3,4,34,26,1,1
9,3,2,9,4,14,29,24,2
4,3,1,9,4,41,25,57,2
19,3,1,9,0,57,20,21,1
4,3,1,9,4,52,21,23,1
4,3,3,3,4,41,27,7,1
4,4,2,16,4,21,19,29,2
7,2,1,18,4,18,29,18,2
33,2,2,18,4,34,29,30,2
4,3,2,3,4,41,29,5,0
4,3,2,16,0,12,12,22,2
4,3,2,6,4,57,3,22,2
4,2,8,9,4,34,16,41,2
20,0,5,8,4,0,29,28,2
7,3,1,8,4,37,17,29,2
4,3,2,9,4,10,18,20,1
9,4,3,15,4,41,27,3,2
4,3,1,15,4,26,28,29,1
4,3,2,10,4,0,23,28,0
9,3,1,18,4,26,29,48,1
8,3,2,15,4,22,30,15,1
4,1,1,9,2,14,29,55,0
4,3,3,8,4,59,29,3,1
4,1,2,9,4,33,30,39,0
20,4,1,9,4,9,29,28,1
4,3,1,8,4,10,29,29,1
4,4,4,10,4,0,24,50,1
4,1,1,8,4,1,3,22,2
4,3,7,9,4,12,4,20,2
7,3,2,18,4,34,27,30,2
4,3,3,9,4,7,2,36,1
23,3,1,18,8,37,29,23,1
17,3,2,15,4,38,27,41,1
4,3,1,18,4,10,28,53,1
8,3,3,9,4,4,29,36,2
9,4,3,15,4,7,28,21,2
4,3,1,9,4,53,22,22,1
33,3,3,18,4,48,30,24,2
4,4,5,9,4,29,25,29,2
4,4,2,16,4,66,29,45,1
9,3,2,15,4,41,8,18,1
4,2,5,18,4,37,24,1,2
4,3,2,15,4,55,28,20,1
20,4,3,8,4,0,29,28,1
4,4,5,10,4,22,29,55,1
8,3,1,8,4,41,16,41,2
4,3,2,9,0,0,27,12,1
4,2,2,9,4,34,29,57,1
3,3,1,18,4,17,29,40,2
4,3,2,9,4,0,29,17,1
4,3,2,15,0,12,12,22,2
4,4,7,9,4,12,1,20,2
4,3,2,8,4,56,20,50,0
4,1,1,8,2,10,26,41,0
4,4,2,15,4,14,29,43,1
1,1,1,9,0,33,29,39,1
1,3,1,9,4,23,29,30,2
7,4,5,13,4,48,28,57,2
4,3,2,8,4,61,29,38,1
0,3,4,13,4,0,26,20,2
4,3,3,16,4,38,1,2,2
3,3,2,16,4,34,29,43,2
9,3,2,15,4,7,2,21,2
4,3,2,18,4,39,27,30,1
4,2,5,9,4,34,24,40,2
26,3,2,8,0,61,29,30,1
9,3,1,9,4,41,29,55,2
4,3,1,15,4,42,23,43,0
9,3,4,15,0,7,23,21,2
4,1,1,3,3,56,29,50,0
3,1,1,15,4,26,28,6,2
7,4,2,15,4,56,29,24,2
4,3,2,18,0,54,25,3,1
9,3,1,18,4,4,29,36,1
4,2,3,15,4,37,29,44,1
20,4,3,8,4,0,29,28,1
7,4,3,16,4,22,19,29,2
4,2,5,9,4,40,29,22,2
7,4,2,6,0,41,30,41,2
33,4,5,9,4,0,29,57,2
4,2,3,18,4,37,24,1,2
4,4,5,10,4,14,29,53,1
4,3,1,8,0,40,26,22,0
25,3,2,13,4,38,27,41,1
4,2,10,9,4,37,23,29,2
7,3,5,16,4,23,19,29,2
9,3,1,18,0,22,29,47,2
0,3,5,18,4,12,6,20,2
10,2,1,8,4,34,4,30,2
4,1,1,8,4,13,3,22,1
4,3,2,6,4,41,29,3,1
4,4,4,18,4,9,22,28,1
1,1,1,9,4,26,9,8,1
4,3,5,16,4,7,19,29,2
7,4,3,9,4,12,25,29,2
4,2,3,9,4,37,27,31,2
4,3,1,9,4,53,28,43,1
8,3,3,13,4,7,18,30,1
9,1,1,9,4,3,20,2,2
4,3,5,9,4,29,29,10,2
1,3,1,3,4,26,29,50,0
4,3,2,3,4,54,16,42,0
33,3,1,18,4,41,29,3,0
4,3,1,9,4,0,18,30,1
4,3,1,8,4,42,16,41,0
4,3,1,8,0,41,29,47,1
4,1,1,8,4,1,3,22,2
0,3,1,18,0,34,29,30,1
7,1,1,9,4,13,14,55,2
7,3,2,16,4,12,28,20,2
4,3,2,18,4,53,25,22,1
4,3,1,18,4,56,29,24,0
4,3,5,18,0,12,29,21,2
33,2,5,9,4,59,27,3,2
8,3,1,3,0,9,29,28,0
4,3,1,15,4,41,25,57,1
8,3,1,15,4,26,17,29,2
4,3,3,8,4,10,26,19,1
1,3,1,15,4,59,3,12,1
4,3,2,15,4,37,23,2,1
9,3,1,13,4,56,23,57,1
4,2,5,18,4,7,29,35,2
4,3,1,15,4,54,13,57,1
1,1,1,15,0,56,20,53,2
9,4,3,10,4,66,28,52,2
4,3,2,15,4,22,13,5,0
0,4,3,9,0,7,28,57,2
10,1,1,18,0,33,2,39,1
7,3,1,15,4,33,28,39,1
8,2,2,15,4,41,29,24,2
7,1,1,15,4,41,25,42,2
7,4,3,9,4,37,30,8,2
4,3,1,15,4,37,12,20,1
32,2,1,9,0,41,19,20,2
20,3,2,10,4,38,7,2,2
1,3,1,18,4,54,29,20,1
4,3,1,18,4,34,29,50,0
9,3,1,18,4,0,2,1,2
33,3,2,16,4,37,29,18,2
7,3,3,8,4,40,20,20,2
4,4,5,16,4,2,29,30,1
7,3,1,8,4,41,24,29,2
9,3,2,10,4,21,28,40,2
4,3,1,9,4,41,26,29,0
4,2,2,0,4,3,7,41,2
27,3,1,15,4,37,17,41,1
7,3,1,9,4,12,11,20,2
9,4,1,9,4,37,29,29,2
7,3,2,9,4,38,14,2,2
7,3,4,18,4,53,16,28,1
33,3,1,13,0,38,25,2,1
4,3,1,3,4,56,29,57,0
4,4,2,16,0,41,26,57,1
0,3,1,8,4,41,24,29,1
1,3,2,8,4,29,1,10,1
4,2,3,18,4,37,24,1,2
4,1,1,8,4,35,3,22,2
1,3,1,3,4,9,29,4,2
7,1,1,9,4,3,29,41,2
4,4,5,10,4,22,24,50,2
9,3,1,9,4,54,29,51,2
4,3,1,13,4,39,29,20,1
4,3,1,16,4,39,19,29,1
4,2,3,10,4,40,19,29,2
4,3,2,13,4,34,29,35,1
18,3,1,8,4,41,16,41,1
9,4,1,9,4,0,29,1,2
20,3,3,8,4,12,29,28,1
4,3,2,13,4,56,29,57,0
4,4,4,16,4,52,25,29,2
1,3,2,9,4,41,29,20,2
7,3,1,9,4,37,17,41,2
4,3,1,9,4,12,14,20,1
4,3,2,15,4,37,26,47,0
7,3,2,18,4,66,30,24,2
4,0,10,16,4,12,22,20,2
4,3,3,15,4,56,29,50,1
4,3,1,16,0,41,15,50,1
33,3,1,9,4,12,2,30,1
20,3,2,10,4,38,7,2,2
3,4,2,3,0,41,29,30,2
27,3,2,18,4,7,29,21,1
4,2,8,10,4,29,19,29,2
15,1,1,18,0,18,29,24,0
4,3,1,6,4,41,29,50,0
4,3,1,9,4,65,3,22,0
4,3,3,13,4,51,29,19,1
9,3,2,8,0,3,28,41,2
1,3,2,9,4,34,5,30,2
4,3,1,15,4,34,29,57,0
7,3,3,15,4,12,5,20,2
4,1,1,13,5,38,14,2,0
7,4,3,15,4,23,18,29,2
4,2,3,9,4,39,24,55,2
7,3,2,9,4,12,27,20,2
4,3,2,15,4,39,29,4,1
4,3,2,3,4,59,8,30,1
4,3,2,9,4,18,29,18,1
7,1,1,3,4,41,29,18,1
4,3,2,18,4,39,27,30,1
4,3,2,9,4,55,29,57,1
4,1,1,18,8,9,29,28,0
4,3,3,9,4,12,24,20,2
4,2,5,9,4,35,29,50,2
4,3,3,10,4,57,23,41,1
4,3,2,6,4,39,1,30,1
4,3,1,15,4,19,26,18,1
4,3,3,13,4,53,24,43,1
7,1,1,3,3,54,29,43,0
1,3,2,18,4,7,29,12,2
1,3,2,9,4,34,29,1,2
4,2,3,18,4,0,25,50,1
7,4,2,9,4,34,30,40,2
3,3,2,13,4,0,29,1,1
4,2,7,15,0,9,29,50,2
4,4,3,18,4,38,24,1,2
28,4,1,9,4,43,17,41,1
4,3,5,18,4,33,30,39,2
32,3,1,9,0,1,29,30,1
3,3,1,18,4,12,29,20,2
33,3,1,16,4,33,29,39,2
4,3,2,9,0,3,30,41,1
4,3,5,10,4,33,30,39,1
9,3,1,13,4,56,14,31,2
4,2,2,18,4,53,29,43,1
9,4,3,18,4,7,24,23,2
7,4,3,10,0,48,27,7,2
4,3,1,15,4,37,29,18,1
4,1,1,18,4,56,29,21,0
9,3,1,4,4,22,29,21,1
4,3,3,10,4,17,29,40,1
4,3,2,15,4,39,29,55,1
0,3,2,9,4,7,29,21,1
7,3,2,9,4,34,29,50,1
4,3,2,9,4,54,1,57,1
0,3,1,3,4,9,29,29,1
4,3,2,18,4,55,29,30,1
7,3,1,9,4,41,27,50,2
27,4,3,8,4,7,29,21,1
7,3,1,8,4,41,29,30,1
4,3,1,9,4,0,21,23,1
4,3,5,9,4,53,24,50,1
4,3,2,9,4,34,29,50,1
30,3,2,9,4,56,27,47,0
4,2,3,18,4,37,2,24,2
9,3,1,8,4,0,29,18,1
13,3,2,9,4,0,16,39,1
4,3,2,15,4,37,29,43,1
4,3,1,8,4,39,19,18,0
4,3,1,8,4,33,21,50,1
33,2,3,9,4,28,24,55,2
33,2,5,8,4,19,29,28,2
9,3,1,9,4,57,15,28,1
7,1,1,8,4,7,29,12,1
11,2,2,15,4,59,29,37,1
4,3,2,15,4,38,27,41,0
4,3,1,13,4,41,29,7,1
4,2,3,9,4,32,2,20,2
3,3,2,9,4,57,18,20,1
9,3,1,3,4,37,29,41,2
8,2,5,18,4,21,29,15,2
4,3,1,8,4,57,3,12,0
1,3,1,15,4,18,29,18,1
1,3,1,6,0,56,29,32,2
32,2,8,15,4,41,29,30,2
0,4,2,9,4,39,26,20,2
4,4,1,8,4,39,26,42,1
3,3,1,8,4,42,17,29,1
4,2,2,9,4,0,29,55,2
4,3,1,18,4,12,29,57,1
4,4,5,16,4,41,27,6,2
7,3,2,15,4,38,27,41,1
9,3,1,9,4,33,7,39,1
4,1,1,3,4,41,23,8,0
9,4,2,15,4,24,14,57,2
7,3,3,10,4,57,29,30,2
8,4,3,18,4,1,29,7,1
1,3,1,15,4,40,29,30,1
4,3,1,15,4,0,29,30,1
4,3,1,15,4,12,17,20,1
4,4,3,8,4,15,28,5,1
7,3,1,8,4,39,28,7,2
4,3,1,9,4,18,16,5,1
4,4,3,15,4,0,24,23,1
9,3,2,18,4,61,29,24,2
4,3,3,9,4,41,29,57,1
13,4,2,9,0,0,29,50,1
2,3,1,16,4,41,3,1,2
1,3,2,9,4,37,29,5,2
4,3,1,18,4,21,29,30,1
22,2,3,15,4,41,29,50,2
12,3,1,3,4,41,29,29,1
0,3,3,3,4,39,28,30,1
33,3,2,8,0,3,28,41,1
4,2,3,18,4,42,29,39,1
1,3,2,15,4,21,28,31,1
4,3,1,8,4,35,29,50,0
4,3,1,9,4,55,29,30,1
9,3,1,15,3,18,29,18,0
1,3,2,18,4,34,27,50,2
8,3,1,8,4,23,30,52,1
4,3,2,6,4,56,29,57,1
4,3,1,9,4,34,29,21,1
4,3,3,13,4,0,9,50,0
25,3,1,10,4,3,23,41,1
9,4,1,18,4,9,27,28,2
4,3,2,18,4,54,29,24,1
9,3,2,9,4,4,29,21,2
0,3,1,13,0,41,16,3,1
4,3,1,9,4,0,14,50,1
4,4,2,18,4,35,29,50,0
8,3,2,15,0,36,23,52,1
4,3,2,18,4,14,29,21,1
4,3,8,9,4,7,28,21,1
4,3,1,9,4,0,2,55,1
4,3,2,8,0,28,12,50,0
7,4,5,15,4,59,29,45,2
4,3,2,6,4,35,29,50,0
1,4,3,9,4,57,15,30,2
7,3,2,15,4,41,20,24,2
1,3,1,15,4,54,29,50,1
4,1,1,15,0,28,29,57,1
4,3,2,9,4,54,1,50,1
4,3,3,15,4,42,28,23,1
4,3,1,8,4,41,29,29,0
4,4,3,9,0,65,29,30,2
4,4,2,9,4,1,29,50,1
3,1,1,15,4,39,7,53,1
4,1,1,3,0,54,29,51,0
1,3,3,15,4,47,29,40,2
7,3,1,18,8,34,29,56,2
4,4,2,9,4,37,29,18,1
9,1,1,15,4,38,7,2,1
4,1,1,18,4,56,26,21,0
1,4,3,8,4,41,29,21,2
7,3,2,18,4,33,29,39,2
4,3,1,15,4,37,17,41,0
7,4,2,9,4,57,26,21,2
4,3,1,18,4,9,29,24,0
4,2,3,9,4,12,25,20,2
4,1,1,18,0,56,25,29,0
9,3,1,15,4,41,3,1,2
20,3,1,9,4,39,28,18,1
4,4,3,15,4,37,24,57,1
4,3,2,9,4,59,21,57,1
3,1,1,13,4,35,29,30,1
1,3,2,15,4,37,29,28,2
4,3,1,9,4,12,26,23,1
7,1,1,3,4,21,29,3,2
7,3,2,18,4,12,29,23,2
7,4,2,9,4,28,16,30,2
1,3,1,13,4,0,14,50,1
4,3,2,8,4,59,29,57,1
7,4,1,18,4,5,29,48,2
7,4,3,18,4,7,28,48,2
4,3,1,4,4,13,28,24,1
4,1,1,8,4,38,7,2,1
1,2,2,15,4,41,29,41,2
4,3,1,8,4,62,19,53,0
4,4,3,18,4,28,26,57,2
7,3,1,8,4,39,28,7,2
9,3,1,15,4,42,27,12,2
4,3,1,9,4,34,23,18,0
4,3,3,9,0,12,21,23,2
8,4,2,8,0,21,24,15,2
33,3,2,16,4,35,29,28,2
11,3,1,3,4,62,27,53,0
1,3,2,16,4,10,29,20,2
7,3,1,15,4,41,29,30,1
4,4,3,16,4,12,19,29,2
4,3,1,18,4,57,27,47,1
2,1,1,3,0,3,16,41,1
4,1,1,18,4,56,29,57,0
4,3,3,10,4,12,27,23,2
4,4,2,10,4,40,29,29,2
7,0,5,10,4,8,29,30,2
4,4,3,18,4,0,29,28,1
7,3,2,9,0,14,18,21,2
1,3,1,13,4,22,29,24,1
7,3,1,8,4,41,16,41,2
4,3,1,18,0,12,29,50,1
4,3,1,9,4,28,22,55,1
4,3,2,8,4,42,29,18,1
4,2,5,18,4,10,29,50,2
4,2,5,10,4,7,29,21,2
4,3,3,10,4,0,27,19,2
4,3,1,9,4,54,29,28,1
0,3,1,8,0,3,23,41,1
0,4,5,9,4,41,26,29,2
8,3,2,15,4,34,29,48,2
1,3,1,8,4,56,29,21,1
10,3,3,3,0,15,29,3,1
9,4,2,9,4,18,29,18,1
4,3,2,9,4,0,29,52,1
4,2,3,15,4,12,20,23,2
1,1,1,18,4,61,29,57,1
0,3,2,9,4,0,7,29,2
4,3,3,9,4,34,24,55,1
4,3,4,3,4,41,20,40,1
4,3,3,18,4,41,29,47,0
4,3,1,6,4,56,29,50,0
20,0,5,8,4,57,29,28,2
9,3,2,18,4,1,27,57,1
4,3,3,8,4,41,29,57,0
0,4,5,9,4,39,22,12,2
33,3,3,18,4,17,29,28,2
20,2,3,9,4,37,21,18,2
1,3,5,10,4,57,29,47,2
7,3,2,8,4,55,25,29,2
4,1,1,15,0,52,22,55,1
4,3,1,18,4,10,24,20,2
0,3,1,15,4,35,28,50,1
0,4,10,18,4,4,29,21,2
8,2,4,9,4,12,30,20,2
4,3,1,8,4,34,28,57,1
0,3,1,9,4,4,29,36,1
11,1,1,3,4,3,16,41,1
28,3,1,9,4,0,28,45,2
4,4,3,9,4,34,29,50,2
9,3,1,15,4,26,12,50,1
8,4,2,9,4,41,28,47,2
10,3,1,15,0,38,28,2,1
4,3,3,6,4,26,29,57,0
4,4,1,9,4,12,25,20,1
3,3,1,9,4,66,28,47,1
1,3,1,3,0,0,29,50,1
7,3,2,8,4,35,29,52,2
4,2,3,18,4,57,29,28,2
4,3,1,8,4,41,29,29,0
4,1,1,9,4,35,22,20,1
4,3,2,8,4,14,29,39,0
9,3,2,9,4,10,23,30,2
4,4,2,9,4,57,28,24,1
4,3,2,18,4,14,7,45,1
1,3,2,15,4,28,26,7,1
4,3,1,15,4,35,28,19,1
1,1,1,15,0,50,29,30,1
7,2,5,18,4,57,29,48,2
4,3,2,4,0,5,29,21,0
33,2,3,9,4,28,24,55,2
4,2,2,13,4,41,14,50,2
1,4,3,15,4,54,25,43,2
8,3,1,18,4,25,29,24,1
4,3,2,18,4,54,28,23,2
33,3,2,9,4,7,24,30,1
7,4,2,6,0,41,30,41,2
4,2,8,9,4,39,29,30,2
4,2,3,9,4,41,29,50,2
20,0,5,8,4,0,29,28,2
4,3,1,14,4,4,29,8,1
8,4,3,9,4,21,29,0,2
4,3,3,16,4,39,21,23,1
4,1,1,8,4,39,21,29,1
4,3,2,18,4,1,8,48,1
3,3,3,13,4,34,9,44,2
0,2,3,9,4,12,27,20,2
8,4,3,13,4,41,28,30,1
4,4,8,9,4,0,26,29,2
1,3,1,18,4,35,22,50,2
4,4,3,10,4,12,25,20,2
11,3,2,9,4,22,29,47,1
4,3,1,15,4,37,27,57,1
4,3,1,3,4,41,5,30,1
33,3,2,8,4,56,29,9,0
4,2,5,10,4,10,29,30,2
4,1,1,18,4,41,29,41,1
4,3,1,18,4,28,29,57,1
4,4,2,15,0,52,29,28,1
4,4,3,10,4,0,15,57,1
9,3,3,13,4,21,29,57,2
4,3,1,18,4,12,29,20,1
4,2,2,9,4,41,28,30,1
4,3,1,9,4,24,28,31,1
9,3,1,18,4,41,29,34,1
1,2,5,9,4,57,2,20,2
1,3,2,9,4,39,29,36,2
8,3,1,8,4,41,16,41,2
7,3,2,16,4,21,19,29,2
9,4,3,15,0,41,16,50,2
4,3,1,15,4,1,29,55,1
4,3,3,3,4,25,29,21,1
7,3,2,15,4,22,29,57,2
7,4,7,9,4,10,29,30,2
0,3,2,13,4,38,27,41,1
7,1,1,8,4,38,7,2,2
31,3,2,15,4,4,8,9,2
4,2,5,18,4,14,29,18,2
4,4,3,15,4,34,29,51,2
0,3,1,9,0,54,29,57,1
4,4,5,10,4,4,29,36,1
4,3,2,15,4,36,11,50,1
9,3,1,8,4,54,29,23,1
4,3,1,16,4,40,19,29,1
4,2,7,9,4,40,29,21,2
7,3,2,9,4,33,29,39,2
4,3,3,16,4,1,18,3,1
4,3,2,15,4,39,29,30,1
32,1,1,3,4,41,29,57,1
1,3,2,15,0,22,26,26,1
7,3,3,9,4,41,25,57,2
4,3,1,3,0,26,29,53,1
4,2,3,15,4,34,29,57,1
7,3,2,15,0,22,28,47,1
4,3,2,9,4,4,29,48,1
11,3,1,15,4,41,3,1,1
9,3,1,15,4,0,29,48,1
4,3,2,15,4,10,26,30,1
9,3,4,15,4,7,29,24,2
4,3,2,15,4,10,29,30,1
2,1,1,3,0,3,16,41,1
32,1,1,3,4,41,29,57,1
4,3,2,3,4,41,26,47,1
4,3,2,8,4,12,29,20,2
9,3,3,13,4,22,20,30,2
7,1,1,3,4,22,29,22,2
4,4,5,9,4,28,29,35,2
7,4,1,18,0,37,29,24,1
4,3,3,10,4,54,28,41,1
9,3,3,9,4,24,26,30,1
9,1,1,9,4,9,15,28,2
4,3,2,18,4,34,7,18,1
4,3,1,8,0,53,24,8,1
4,3,1,13,4,56,29,3,0
4,3,5,16,4,12,15,23,1
0,2,3,16,4,33,29,39,2
7,4,2,9,4,18,30,47,2
4,3,1,9,4,40,29,12,0
1,3,1,8,4,56,29,42,1
9,3,2,13,0,41,29,18,2
4,1,1,3,0,30,29,40,0
4,3,1,15,4,13,29,50,2
6,3,1,15,0,36,28,53,0
4,3,1,15,4,39,28,4,2
7,3,2,9,4,3,16,41,2
4,3,2,8,0,12,27,23,1
4,3,1,8,4,37,27,20,1
4,4,3,13,4,38,29,2,1
7,2,3,9,4,41,8,30,2
4,2,3,16,4,0,19,29,1
4,3,1,8,4,34,2,50,1
0,3,1,8,4,42,28,0,1
8,3,1,6,4,37,17,41,1
1,1,1,15,4,41,25,42,1
4,3,3,11,4,22,29,45,2
4,3,2,9,4,10,24,57,1
4,3,2,13,4,41,20,57,0
4,3,2,18,0,56,29,33,0
27,4,2,9,0,37,4,40,1
4,3,1,15,0,7,29,21,0
10,2,1,8,4,34,4,30,2
4,2,5,18,0,59,25,57,1
4,3,2,3,4,15,23,57,1
16,3,5,8,4,41,11,48,0
7,3,1,8,4,12,29,20,1
4,3,2,3,4,41,29,24,1
4,3,1,8,4,56,29,30,0
8,4,4,18,4,63,29,57,2
1,2,2,9,0,57,5,55,1
7,3,2,9,4,12,29,41,2
7,3,1,15,4,12,24,24,2
20,3,5,8,4,12,29,28,2
1,2,3,9,4,63,22,7,2
0,3,3,8,4,12,5,20,2
13,2,15,9,4,61,29,30,2
20,3,1,9,4,39,28,18,1
4,3,6,18,4,34,29,47,2
4,3,3,15,4,22,29,53,1
10,2,3,9,4,42,26,30,2
9,3,1,8,4,41,25,0,1
4,3,1,3,4,14,29,24,1
28,3,1,15,4,38,14,2,1
4,4,2,9,4,12,29,20,2
4,3,3,9,4,3,29,41,2
3,1,1,3,4,9,29,28,1
4,3,3,9,4,39,29,29,1
4,2,5,9,4,37,29,50,2
4,3,1,9,4,3,6,41,1
7,3,1,3,4,41,29,50,2
9,3,3,18,4,7,30,42,2
7,4,2,18,4,9,29,30,2
9,3,2,8,4,41,7,50,1
11,3,1,8,4,41,16,41,1
4,4,3,9,4,7,29,30,1
7,3,1,8,0,19,29,18,1
4,3,1,4,4,56,29,24,0
1,3,1,18,4,12,6,39,2
10,3,1,8,3,34,4,30,1
4,2,10,10,4,57,25,21,2
7,3,3,3,0,41,28,47,1
7,3,3,16,4,59,25,57,2
1,3,1,9,4,54,30,43,2
16,4,5,13,0,65,29,55,2
7,1,1,8,4,56,29,47,1
1,2,5,5,0,28,29,50,2
4,3,2,16,0,40,25,20,1
16,1,1,3,0,9,26,29,1
1,3,1,9,4,37,3,48,2
4,3,1,15,4,0,28,3,0
4,3,3,13,4,41,27,7,1
4,3,1,8,4,41,24,29,1
4,3,3,18,4,12,24,23,2
7,4,2,9,4,0,29,21,2
4,3,3,15,4,22,28,24,0
7,4,3,15,4,28,29,24,2
7,3,2,9,4,22,29,30,2
7,4,3,9,4,57,26,50,2
33,4,5,9,4,37,6,57,1
9,3,1,8,4,28,28,55,1
7,3,1,15,4,13,28,7,2
4,1,1,18,4,29,26,41,1
0,3,1,6,3,9,29,28,0
26,3,2,8,0,61,29,30,1
11,3,1,9,4,17,26,40,2
4,3,2,9,4,41,29,50,1
13,2,2,18,4,0,29,57,2
10,3,2,15,4,48,29,0,2
7,3,2,18,4,57,29,50,2
32,4,2,6,4,9,29,28,1
0,3,1,8,4,37,21,43,1
4,3,2,10,4,39,19,29,2
4,3,1,9,4,53,22,20,1
4,3,2,18,0,0,29,48,1
4,3,1,18,4,1,29,1,0
4,3,1,15,0,54,27,28,1
9,3,3,16,0,12,17,24,2
7,3,1,18,4,19,29,18,1
4,2,5,10,4,34,7,20,2
4,3,3,15,4,37,27,30,0
20,3,1,8,4,12,29,28,2
9,3,1,8,4,41,29,57,2
14,4,1,15,4,42,22,41,1
0,3,1,15,4,33,5,39,2
1,3,1,18,4,37,20,55,1
25,3,2,13,4,38,27,41,1
4,3,1,18,4,18,29,40,0
4,3,2,9,4,4,25,51,1
33,3,1,13,4,7,30,30,1
29,3,1,4,0,41,19,50,1
7,2,5,10,4,28,19,29,2
7,1,1,9,4,65,26,31,2
1,3,2,15,4,0,29,22,1
7,3,1,9,4,0,29,12,2
1,2,4,9,4,12,26,50,2
20,0,3,9,4,9,29,28,2
4,4,3,13,4,28,29,52,1
9,2,3,8,4,9,29,28,2
33,3,1,18,4,0,29,30,1
1,4,1,9,4,57,15,50,2
4,4,1,9,4,39,29,47,1
4,3,2,9,4,12,2,20,1
4,3,2,18,4,22,29,3,1
9,2,5,9,4,7,15,28,2
11,3,5,3,4,14,29,45,1
4,3,1,18,0,12,14,20,1
20,0,3,9,4,9,29,28,2
9,1,1,9,4,3,20,2,2
32,4,1,9,4,41,29,30,1
7,3,1,9,0,65,26,31,2
4,3,2,8,4,9,27,28,0
4,3,2,9,4,29,29,10,1
7,3,3,18,4,63,29,30,2
33,4,3,8,4,37,29,21,2
0,3,1,18,4,9,29,8,0
4,2,3,10,4,25,27,41,2
1,4,3,9,4,28,23,55,2
4,3,3,18,4,31,26,2,2
1,2,3,16,4,37,5,30,2
4,3,2,15,4,34,29,18,1
8,3,1,8,4,41,16,41,2
4,2,3,9,4,0,28,6,2
4,3,5,9,0,33,29,39,2
7,4,2,15,4,57,29,52,2
33,4,3,15,4,0,29,11,1
7,3,2,3,4,34,29,48,1
4,1,1,18,4,13,18,57,1
4,4,2,10,4,17,23,3,1
32,2,8,15,4,41,29,30,2
4,3,1,9,4,1,29,41,1
4,3,2,15,4,39,2,53,1
0,3,1,9,4,12,5,20,2
27,3,1,8,3,3,23,41,2
4,3,1,9,4,0,6,27,1
0,2,5,9,4,38,1,41,2
8,3,1,13,4,41,29,20,1
7,4,1,15,0,19,29,18,1
7,3,1,18,4,0,23,28,2
33,2,5,8,4,37,29,28,2
3,3,1,9,4,12,7,23,2
7,3,1,13,4,61,29,3,2
4,3,1,18,4,41,5,53,1
4,2,3,18,4,37,25,22,2
4,3,1,6,4,56,29,43,0
27,3,1,9,4,57,20,50,1
4,4,2,16,4,10,21,23,1
16,3,2,9,4,38,14,2,1
3,2,2,9,4,0,23,57,2
4,3,1,16,4,37,14,14,1
4,3,1,15,4,37,28,30,1
9,3,1,15,4,4,26,36,2
1,3,1,16,4,60,29,30,1
28,3,1,15,4,38,14,2,1
27,3,1,18,4,54,29,50,0
4,3,1,9,4,22,14,50,1
4,3,3,9,4,54,24,28,1
7,3,1,9,4,12,13,20,2
4,3,2,9,4,22,23,0,1
4,2,3,16,4,37,23,28,2
4,4,2,16,4,0,19,29,1
4,3,2,9,0,1,29,5,1
4,3,1,18,4,24,10,48,0
7,3,1,8,0,3,26,41,2
4,3,1,9,4,54,29,18,1
7,4,5,9,4,23,29,30,2
7,4,2,18,4,41,29,50,1
7,4,4,9,4,0,29,12,2
7,4,5,18,4,0,24,8,2
33,2,3,9,4,37,29,28,2
11,3,1,3,0,41,28,30,2
4,2,5,18,4,37,24,1,2
7,4,2,18,4,49,5,5,2
0,3,1,9,0,29,29,29,2
4,1,1,9,2,29,24,41,0
4,3,5,18,4,34,29,47,2
9,3,1,8,4,5,29,48,1
9,3,4,13,4,0,15,15,1
4,4,1,18,4,41,29,57,1
9,3,1,15,4,59,29,30,2
1,3,1,8,4,41,29,47,1
4,3,1,8,0,15,24,21,0
4,3,3,9,4,10,29,23,1
8,3,1,3,4,41,29,29,1
4,4,2,9,4,57,29,30,1
9,3,3,9,4,41,29,46,2
4,0,7,9,4,0,15,3,2
7,1,1,6,4,39,20,7,1
4,1,1,18,4,28,16,2,1
4,3,1,18,4,52,15,38,0
33,4,2,9,4,7,2,30,2
0,3,2,11,4,12,4,10,2
9,3,2,15,4,34,29,23,1
4,3,2,18,4,41,27,57,0
3,3,1,9,0,42,25,20,1
13,4,5,9,4,22,29,45,2
4,3,2,9,4,39,29,55,1
20,3,5,8,4,12,29,28,2
7,3,2,16,4,39,19,29,2
4,1,1,8,4,53,29,42,0
4,2,3,9,4,35,29,50,2
4,3,1,9,0,26,7,39,0
13,3,2,8,4,37,28,18,1
8,4,5,18,4,21,29,57,2
7,2,3,18,4,41,29,18,2
4,3,1,18,4,34,29,57,1
4,3,4,15,4,12,29,20,2
7,4,3,9,4,32,29,29,2
4,3,3,10,4,37,19,29,2
7,1,1,6,4,14,2,22,1
4,3,3,9,4,12,21,43,1
13,3,5,9,0,66,21,29,2
4,4,2,14,4,37,29,57,2
7,4,2,10,0,7,29,21,1
9,3,1,8,0,34,29,50,0
4,3,2,15,4,14,24,53,1
4,2,4,18,4,34,23,53,2
4,3,1,6,4,9,20,28,0
4,3,3,16,4,7,29,21,1
4,3,1,18,4,37,5,2,0
4,3,1,15,4,34,29,50,0
4,3,5,10,4,10,8,18,2
7,3,1,13,4,39,29,29,1
4,3,2,13,4,28,29,18,1
20,0,2,8,4,57,29,28,2
4,3,1,3,4,28,29,50,0
7,2,5,18,4,9,22,22,2
23,3,2,8,4,24,29,21,1
7,3,2,9,4,56,27,47,2
7,2,2,9,4,34,29,18,2
9,3,1,18,4,41,29,28,1
9,3,2,10,4,57,19,29,2
7,3,1,18,4,0,29,30,2
4,1,1,18,4,35,8,8,0
4,3,4,16,4,37,13,39,2
31,3,1,3,4,15,28,4,1
9,3,5,8,0,59,29,37,2
10,3,1,18,0,10,25,3,1
4,3,2,9,4,28,29,24,1
4,3,1,8,4,52,29,30,1
4,3,2,9,4,48,11,0,1
4,3,2,15,4,31,29,29,1
7,3,1,9,4,38,26,41,2
10,3,2,15,4,48,29,30,2
4,3,1,18,4,10,29,55,1
4,3,1,15,5,37,28,39,0
4,2,5,18,4,1,29,30,2
4,2,5,18,4,40,29,21,2
1,3,3,15,4,7,9,21,1
4,3,1,8,4,12,29,20,1
9,3,2,15,4,7,26,21,1
9,2,8,9,4,57,28,36,2
20,0,5,8,4,0,29,28,2
33,2,1,15,4,54,29,50,1
4,3,1,18,4,13,29,41,1
33,1,1,15,4,0,29,20,1
20,3,1,8,3,34,29,18,1
7,3,1,18,3,3,6,41,2
2,1,1,3,0,3,16,41,1
4,3,3,9,4,12,14,20,2
4,4,2,18,4,41,26,19,0
1,3,3,5,0,39,27,12,1
4,3,3,9,4,12,15,20,1
28,4,2,15,0,41,26,24,2
4,1,1,15,4,56,4,57,1
4,3,1,18,0,12,29,50,1
4,3,2,18,4,37,29,40,1
4,3,1,10,4,56,28,45,2
4,3,1,9,4,34,26,57,1
4,3,2,15,4,10,29,0,1
4,3,3,16,0,12,9,20,1
13,3,1,8,4,41,21,19,2
1,3,1,8,4,63,19,57,2
4,3,3,15,4,1,29,0,0
1,3,1,8,4,37,29,40,1
4,2,5,18,4,57,29,30,2
7,2,3,9,4,37,29,50,2
4,3,1,9,4,1,29,1,0
3,3,1,3,4,54,29,44,1
1,3,1,9,4,40,29,57,1
4,3,3,16,4,38,1,2,2
7,3,1,9,4,23,28,7,2
9,2,1,18,4,55,22,30,2
4,2,2,18,4,35,28,50,2
4,2,5,9,4,4,29,36,1
29,3,1,3,0,62,29,29,1
4,4,5,18,4,40,30,19,2
4,3,1,18,4,40,30,30,1
4,3,1,10,4,12,29,29,1
4,3,1,8,4,41,21,50,1
9,4,2,9,4,41,29,50,1
8,2,5,15,4,37,15,12,2
4,3,3,18,4,22,29,30,1
4,1,1,9,4,37,26,20,1
20,4,1,9,4,9,29,28,1
33,3,1,18,4,30,29,28,1
1,4,2,15,4,35,29,24,2
4,1,1,3,4,28,29,55,0
4,3,1,15,4,42,14,2,0
4,1,1,8,4,35,3,22,2
9,3,1,18,4,14,25,0,2
9,3,1,8,4,54,1,57,2
4,3,2,13,4,41,29,50,1
0,3,2,18,4,12,28,36,1
4,2,7,11,4,1,5,29,2
4,3,3,15,4,34,29,50,1
4,3,2,15,4,57,29,30,0
9,3,1,15,4,54,30,30,2
4,4,2,9,4,42,29,20,1
7,4,6,6,4,16,18,43,2
30,3,2,15,4,38,27,41,0
20,3,5,8,4,12,29,28,2
4,4,3,9,4,34,29,40,2
29,3,1,8,4,41,21,19,2
4,2,5,10,4,41,29,47,1
4,4,1,6,4,9,29,28,0
4,3,5,15,4,12,21,3,2
0,3,1,3,4,9,29,28,0
7,3,1,16,0,41,15,50,2
32,2,1,9,0,41,19,20,2
4,3,1,9,4,34,9,22,1
9,3,2,18,4,53,29,52,1
0,3,1,9,0,34,16,3,1
2,3,1,16,4,41,3,1,2
4,2,2,8,4,42,29,9,1
10,3,1,8,3,34,4,30,1
4,3,3,9,4,35,8,29,1
9,3,5,9,4,0,2,28,2
4,1,1,6,4,14,2,3,1
1,3,1,18,4,35,29,50,2
0,3,2,9,4,41,29,47,2
7,3,1,8,4,41,24,0,2
7,3,1,9,4,38,26,41,2
4,3,2,9,4,39,29,30,1
8,4,4,9,4,1,29,55,2
9,4,1,15,4,18,29,30,2
4,3,5,9,4,12,18,23,2
2,3,1,16,4,41,3,1,2
4,3,3,9,4,52,29,47,2
4,3,1,15,4,40,29,30,0
7,2,12,9,4,57,28,3,2
32,3,2,15,4,38,27,41,0
4,4,2,15,4,0,29,30,1
9,3,1,18,4,41,1,57,2
7,3,1,8,4,41,29,30,2
7,4,2,15,4,28,28,55,2
10,3,2,15,4,7,29,0,2
9,2,5,18,4,58,6,15,2
4,3,2,9,0,12,23,7,1
11,3,1,3,4,62,27,53,0
9,3,2,18,4,30,29,24,2
4,3,2,8,4,41,28,7,0
0,3,2,15,4,38,27,41,1
17,3,1,3,0,5,29,24,1
11,4,3,13,0,65,29,55,2
7,2,3,10,4,48,29,30,2
1,4,3,8,4,41,29,21,2
4,4,1,8,4,26,14,20,1
33,3,4,8,4,30,20,40,2
4,4,2,9,4,66,29,57,2
9,3,1,18,4,1,2,1,2
32,2,7,15,0,25,2,16,2
20,0,2,8,4,57,29,28,2
4,2,4,9,4,41,29,29,2
4,1,1,18,4,9,29,21,0
4,3,2,9,0,2,19,57,2
9,3,1,3,4,9,29,28,1
20,3,3,8,4,12,29,28,1
8,1,1,15,4,38,7,2,1
7,2,2,10,4,19,29,18,2
32,4,1,8,4,41,16,41,1
0,4,5,9,4,39,22,12,2
4,3,3,8,0,41,27,3,0
4,4,2,3,4,9,29,28,0
9,3,2,15,4,12,26,20,2
4,3,1,8,0,42,24,2,0
4,2,1,8,4,42,29,24,0
9,4,7,10,4,0,23,47,2
4,3,1,9,4,34,24,40,1
4,3,1,8,4,0,29,57,1
3,4,2,3,0,41,29,30,2
4,3,2,9,4,37,29,57,1
4,3,3,13,0,57,26,30,1
4,2,3,18,4,39,15,20,1
4,1,1,9,2,12,22,41,0
4,3,2,15,4,56,29,57,1
25,3,2,9,4,37,17,47,2
4,3,2,16,4,39,19,29,1
4,2,2,8,5,41,29,50,1
4,3,3,18,4,0,28,5,1
13,3,2,18,0,41,26,43,1
4,2,5,9,4,41,25,41,2
9,3,3,3,4,39,4,51,2
4,2,10,13,4,9,22,28,2
9,3,1,8,4,41,16,41,2
1,3,1,8,4,41,29,47,1
33,2,5,8,4,37,29,28,2
4,3,1,9,4,53,29,43,1
4,4,3,16,4,34,29,39,2
4,4,2,15,4,34,13,34,1
7,3,1,18,4,12,29,20,2
9,3,1,4,4,41,7,50,1
4,1,1,15,4,4,29,30,0
4,3,3,18,4,9,29,28,1
7,3,1,15,4,34,30,20,2
4,3,2,9,4,54,12,50,1
8,2,5,9,4,28,28,47,2
4,2,3,16,4,37,29,2,2
7,3,2,15,4,54,16,35,2
4,4,3,9,0,60,29,30,0
4,4,2,10,4,39,19,29,1
1,3,2,8,0,15,29,57,1
7,3,1,13,4,56,29,43,2
4,4,2,9,4,32,26,13,1
9,3,2,15,4,56,29,21,1
16,3,1,3,0,41,29,21,1
1,3,2,6,4,22,29,36,1
4,3,3,8,4,24,29,57,0
4,4,5,15,4,41,28,57,1
4,2,5,9,4,37,25,29,2
4,3,1,9,0,12,27,23,1
9,4,2,9,4,5,21,48,2
4,3,1,8,4,12,4,20,1
4,2,5,9,4,54,20,39,2
7,3,1,13,4,35,26,30,1
0,3,1,8,4,37,21,43,1
7,2,5,18,4,0,29,48,2
22,2,5,15,4,0,23,50,2
11,3,1,9,4,17,26,40,2
10,2,2,15,4,41,29,41,2
4,3,3,10,4,12,16,20,2
7,2,10,9,4,59,29,30,2
2,1,1,3,0,3,16,41,1
7,3,1,9,4,63,29,30,2
9,2,4,9,4,21,29,0,2
15,4,2,15,0,41,26,24,1
4,3,1,15,4,12,29,20,1
4,3,3,16,4,40,19,29,2
7,1,1,6,4,61,4,5,2
4,3,3,9,4,12,30,23,2
4,1,1,8,4,1,3,22,2
4,3,1,8,0,41,29,57,0
3,4,2,3,0,41,29,30,2
28,3,1,18,4,13,4,12,2
10,3,1,15,4,38,14,2,1
4,3,2,15,4,41,29,30,1
8,3,1,9,4,66,28,30,1
4,2,5,9,4,1,25,29,2
1,3,3,9,4,0,24,39,1
4,3,7,9,4,12,30,23,2
1,4,1,9,4,41,29,30,2
7,3,2,13,4,40,8,12,2
4,4,5,18,4,9,27,28,1
4,1,3,15,4,34,29,22,1
4,3,2,9,0,22,25,9,1
7,3,1,3,4,59,29,3,1
4,3,1,9,4,52,14,20,1
4,2,5,18,4,29,29,30,2
7,3,1,8,4,35,29,50,1
1,3,1,9,4,37,27,28,1
4,3,3,8,4,42,29,57,1
4,3,1,8,4,56,29,18,1
4,3,2,18,4,12,1,20,2
33,3,2,8,4,34,29,9,1
4,3,1,15,4,56,16,5,1
26,4,5,9,4,59,25,29,2
4,1,1,3,4,56,29,51,0
1,3,3,9,0,42,28,21,2
4,3,1,18,4,53,30,8,1
4,2,5,9,4,0,28,21,2
4,3,1,10,4,33,29,20,1
8,3,1,8,4,41,16,41,2
7,4,5,8,4,61,29,21,2
7,1,1,15,0,19,29,18,1
0,3,1,9,0,33,8,39,1
4,3,2,13,4,32,20,18,0
4,3,2,8,0,41,29,37,1
22,3,1,8,4,26,12,20,1
1,3,2,9,4,22,27,24,1
4,3,1,15,4,37,30,57,1
4,4,3,9,4,32,23,29,1
4,3,3,18,4,1,30,48,1
7,2,5,9,4,21,28,30,2
33,2,5,8,4,37,29,28,2
4,3,3,9,4,0,20,50,1
4,1,1,9,4,2,30,48,1
3,3,1,18,4,55,16,22,1
4,3,1,9,4,28,17,23,1
4,2,5,18,4,37,24,1,2
4,3,1,18,4,34,1,40,1
4,3,2,15,4,37,29,55,0
6,3,1,8,4,30,29,40,0
7,3,1,13,4,57,29,28,1
4,3,2,8,4,15,26,24,1
4,4,3,18,4,38,24,1,2
4,4,3,9,4,4,29,57,1
9,3,1,8,4,34,29,40,1
4,4,2,9,4,37,24,7,1
1,4,1,15,4,39,29,26,2
4,3,2,15,0,39,28,43,1
4,1,1,15,0,41,29,30,1
20,3,2,8,4,37,27,9,1
4,3,1,18,4,39,17,23,1
30,4,3,9,4,59,28,3,1
4,3,2,15,4,13,21,50,2
4,3,2,16,0,12,15,29,2
4,2,3,18,4,9,29,48,1
4,4,2,8,4,41,28,4,1
32,3,1,4,4,42,29,41,0
15,3,2,15,4,42,27,41,0
4,4,2,18,4,59,21,3,1
4,3,1,18,4,19,28,18,0
7,3,2,13,4,40,8,12,2
4,1,1,3,0,56,28,3,0
4,3,1,18,4,57,28,30,1
4,4,2,9,4,0,29,24,1
4,1,1,15,4,0,28,30,0
4,3,1,18,4,0,29,48,1
1,3,3,3,4,42,29,43,1
7,2,1,10,4,57,23,21,2
2,4,1,9,4,56,24,30,2
7,3,1,9,4,0,7,52,2
4,3,3,9,4,57,17,29,1
9,2,2,9,0,63,29,30,2
4,4,3,16,4,34,29,57,1
4,3,1,9,4,12,14,20,1
4,3,2,9,4,0,29,21,1
4,3,2,6,4,57,3,22,2
9,3,1,8,4,53,29,8,2
4,2,5,9,4,40,26,29,2
3,4,5,9,4,24,16,20,2
4,3,2,9,4,57,14,50,1
4,3,1,16,4,39,29,4,2
7,3,1,6,0,41,29,24,2
9,3,1,15,4,37,29,41,1
4,2,8,10,4,57,29,30,2
14,4,2,3,0,7,29,30,1
9,3,1,15,4,38,14,2,2
4,3,1,15,4,37,25,57,1
1,3,1,18,4,33,27,39,2
4,2,3,10,4,40,19,29,2
4,3,2,9,4,0,11,29,1
4,3,2,8,4,42,29,40,1
1,4,1,15,0,35,29,50,1
1,3,1,9,0,64,17,30,1
4,3,1,15,4,12,4,20,1
10,3,2,15,4,48,29,0,2
32,3,1,15,4,11,22,20,1
29,3,1,4,0,41,19,50,1
8,1,1,8,4,42,29,41,1
4,2,10,10,4,57,19,29,2
4,0,5,18,4,37,7,45,2
9,3,1,8,4,37,29,2,2
11,3,1,15,4,41,3,1,1
7,2,2,15,4,37,29,24,2
4,3,2,9,4,10,3,23,1
4,4,3,3,0,9,28,28,0
20,0,3,9,4,9,29,28,2
4,3,1,3,4,35,29,55,0
4,2,2,9,0,35,30,55,1
4,1,1,3,4,9,29,28,1
7,4,1,15,4,41,18,36,2
4,2,4,9,4,4,29,36,1
4,3,3,8,4,59,29,37,1
7,3,2,18,0,56,29,46,2
33,0,5,16,4,37,29,28,2
4,2,5,9,4,12,2,20,2
4,1,1,15,2,56,28,47,0
4,3,2,15,4,42,14,21,0
7,3,1,8,4,41,29,48,2
7,3,2,18,4,34,25,30,2
4,3,1,9,4,24,1,8,1
4,1,1,15,2,41,29,20,0
4,3,3,9,4,0,7,28,1
1,3,1,8,0,56,25,48,2
1,3,2,3,4,15,20,57,1
4,3,1,13,0,56,27,50,0
1,3,2,18,0,57,29,30,1
4,3,2,9,4,4,26,57,1
25,1,1,15,4,38,7,2,1
4,3,1,18,4,12,24,20,2
4,3,2,3,4,9,5,28,0
33,3,1,4,4,35,29,50,1
4,3,2,15,4,18,29,40,0
4,3,1,18,4,56,27,50,1
7,4,1,9,4,12,22,30,2
3,3,2,18,4,42,30,18,1
7,2,10,10,4,29,29,30,2
7,1,1,9,4,10,28,20,2
4,3,1,15,4,54,29,57,1
4,3,1,18,4,15,29,21,0
4,3,3,9,4,12,29,30,2
4,2,3,9,4,10,30,41,2
4,3,3,15,0,37,12,50,1
4,2,4,9,4,12,22,41,2
4,3,2,9,4,1,27,1,1
7,3,1,18,0,59,29,21,2
7,3,3,9,4,3,22,41,2
8,3,1,18,0,12,29,50,2
4,3,1,9,0,38,29,41,1
2,3,1,16,4,41,3,1,2
4,3,1,18,4,42,29,18,1
9,3,3,6,4,39,29,30,2
8,3,1,8,4,56,29,21,1
4,3,1,8,4,30,15,18,0
4,3,3,18,4,26,27,3,0
8,3,1,15,4,50,28,30,1
4,3,1,9,4,54,28,33,0
27,3,3,18,4,0,29,57,1
4,3,1,9,4,34,12,57,1
4,0,10,18,4,1,29,30,2
4,2,3,9,4,28,24,55,2
7,4,5,15,4,7,27,30,2
4,3,2,18,4,41,24,28,0
4,3,1,15,0,0,29,55,1
4,3,2,13,4,0,29,20,1
4,3,2,15,4,38,27,41,0
4,4,3,9,4,41,1,40,1
8,2,3,18,4,21,29,30,2
30,0,5,10,4,41,29,28,2
7,1,1,18,3,41,29,57,2
4,3,1,13,4,19,25,18,0
7,3,5,3,4,15,29,48,2
4,4,3,10,0,0,9,57,1
4,2,3,1,4,57,29,30,2
8,3,1,13,4,39,29,29,1
4,3,1,9,4,12,20,23,2
4,3,2,18,4,0,29,57,0
9,3,2,13,4,9,27,28,2
7,3,2,16,4,57,19,29,2
4,2,3,9,4,49,17,57,2
20,0,5,8,4,57,29,28,2
4,3,2,9,4,10,24,41,1
4,3,2,15,4,53,29,24,1
4,2,3,9,4,12,27,22,2
9,3,1,18,3,13,29,30,2
4,3,3,15,4,37,27,30,0
7,3,1,15,4,59,13,5,2
4,3,1,6,8,41,28,30,0
4,3,3,16,4,10,19,29,2
4,3,2,15,0,12,21,23,1
21,4,2,3,4,41,29,35,1
4,3,1,8,4,42,14,12,1
1,3,2,15,4,34,4,50,2
12,4,3,9,4,48,26,0,2
33,3,2,8,4,56,29,55,1
7,3,1,9,4,57,29,34,2
27,3,1,9,4,7,29,53,2
33,3,2,8,4,36,29,28,1
1,2,3,18,0,14,21,9,2
9,3,2,15,4,0,26,50,2
3,3,1,18,4,3,29,41,2
23,2,3,8,4,9,29,30,2
4,3,3,9,4,37,14,18,1
4,3,2,3,4,52,29,40,1
7,2,2,15,4,28,7,53,2
0,3,3,18,4,54,29,51,1
28,4,1,9,4,43,17,41,1
4,3,2,8,4,23,14,42,0
8,3,2,9,4,57,20,4,1
1,3,2,9,4,21,5,30,1
11,3,1,18,4,52,9,47,1
4,4,3,9,4,0,29,18,2
4,2,3,18,4,37,24,57,2
7,3,1,3,0,37,29,48,1
4,3,2,9,4,54,20,35,1
4,4,10,10,4,55,29,30,2
4,3,2,9,4,12,1,50,1
7,3,1,15,4,12,22,43,2
8,2,2,9,4,26,17,29,2
4,1,1,15,4,54,29,24,1
4,4,3,18,4,2,25,57,1
0,3,2,9,4,12,5,20,2
4,3,1,18,0,42,29,43,1
0,1,1,8,4,38,7,2,1
4,1,1,13,4,19,27,18,0
4,3,3,16,0,12,15,29,2
1,3,2,15,4,28,16,0,2
4,3,1,3,4,9,29,28,0
7,3,2,18,0,14,29,37,1
33,3,1,16,4,40,29,5,2
20,4,3,8,4,34,29,28,2
1,3,1,9,4,64,10,40,1
9,4,2,9,0,37,12,7,2
7,3,2,15,4,18,29,30,2
9,3,1,15,4,42,29,30,2
4,4,3,9,4,41,29,17,0
1,3,1,13,4,37,29,24,1
7,3,1,9,4,37,23,41,2
4,3,1,13,4,54,29,50,1
4,1,1,8,4,1,3,22,2
9,3,2,3,4,24,27,28,2
4,2,5,9,4,0,29,30,2
4,4,3,16,4,12,29,30,2
7,3,1,13,0,37,28,30,2
4,4,2,10,4,12,26,19,1
4,2,2,3,0,41,18,28,1
4,3,2,9,4,57,24,23,1
4,3,4,10,4,12,19,29,2
7,3,3,9,4,66,29,52,2
26,3,1,8,4,42,28,4,1
4,4,2,16,4,66,29,45,1
9,1,1,9,4,21,22,30,2
4,3,2,16,4,56,22,20,1
4,4,1,16,4,8,20,29,1
27,3,1,8,4,41,28,4,1
7,1,1,15,4,12,4,5,2
9,3,1,9,4,23,29,30,1
14,3,2,10,0,0,29,30,2
3,3,1,15,4,12,1,23,2
4,4,2,9,0,22,29,23,2
4,4,2,15,4,57,29,28,1
4,3,1,18,4,41,20,52,1
4,3,1,18,4,12,24,20,2
32,3,2,15,4,38,27,41,1
4,2,1,15,4,40,27,19,2
4,1,1,8,4,1,3,22,2
4,3,1,15,4,12,20,23,2
4,2,5,9,4,0,18,7,1
10,1,1,9,4,38,26,41,2
4,3,2,15,4,0,29,50,1
9,3,2,13,0,41,29,18,2
9,3,1,18,4,24,28,57,2
4,3,3,3,4,54,29,8,1
4,3,1,9,4,12,29,23,2
32,3,1,15,4,38,14,2,1
4,3,1,15,4,42,26,50,1
31,2,4,9,4,8,8,9,2
4,3,3,18,0,12,1,20,1
7,3,2,8,0,42,25,50,2
17,3,2,15,4,38,27,41,1
7,1,1,3,4,41,29,33,1
4,2,3,10,4,55,24,37,2
4,3,1,4,0,61,25,57,1
4,1,1,15,4,42,25,42,1
4,3,1,9,4,10,25,39,1
4,3,1,18,4,9,29,28,0
0,4,3,16,4,37,29,2,2
1,2,4,9,4,33,6,39,2
7,3,1,3,4,41,29,51,1
10,3,1,8,3,34,4,30,1
20,0,5,8,4,57,29,28,2
9,3,2,18,4,39,9,4,2
1,3,3,18,4,1,30,21,2
1,4,3,9,4,41,29,55,2
9,3,2,3,4,61,23,30,2
7,3,1,3,4,56,17,24,1
20,0,5,8,4,0,29,28,2
1,2,5,18,4,34,27,50,2
0,4,2,9,4,41,23,53,2
7,3,1,8,0,18,29,18,1
33,0,5,16,4,37,29,28,2
4,3,1,6,4,9,27,28,0
4,3,1,3,0,9,29,28,0
4,4,3,9,4,4,24,40,1
7,4,2,9,4,57,29,52,2
7,3,1,3,4,41,29,50,1
7,3,2,18,0,32,27,39,2
23,3,1,18,8,37,29,23,1
13,2,3,18,4,57,29,21,2
4,3,3,9,4,12,10,20,1
4,4,5,10,4,12,5,20,2
11,4,3,9,4,33,28,39,1
32,3,1,15,4,56,7,53,1
7,2,3,15,4,59,1,3,2
4,3,1,15,4,12,29,20,2
4,4,3,9,4,12,25,20,2
7,3,5,9,4,21,8,30,2
4,4,2,9,4,0,22,21,1
4,2,5,9,4,37,29,28,2
4,3,3,18,4,12,29,30,2
4,2,5,10,4,12,30,29,2
4,3,2,8,4,4,29,51,0
4,3,1,3,4,15,16,41,0
1,2,7,15,0,59,27,46,2
7,2,2,10,4,37,2,52,2
4,4,5,9,4,0,29,8,2
9,1,1,9,4,3,20,2,2
4,3,1,15,4,39,29,41,2
20,3,1,9,4,39,28,18,1
7,3,1,15,4,38,14,2,2
7,1,1,9,4,12,29,20,2
4,3,3,11,4,28,29,55,2
0,3,1,3,4,9,29,29,1
1,3,1,3,4,56,29,47,1
4,4,3,9,0,37,29,39,2
27,3,1,8,4,54,29,50,0
4,3,3,15,4,22,29,7,1
4,4,3,9,4,0,29,29,1
7,4,2,13,4,42,29,30,1
7,3,2,9,4,22,29,21,2
4,3,1,15,0,12,12,22,2
4,3,2,9,4,4,29,40,1
8,4,2,13,4,37,29,28,2
7,3,3,15,4,14,29,3,2
30,3,2,18,4,37,29,41,1
7,3,2,8,0,34,29,57,2
8,3,1,15,4,38,14,2,2
4,3,1,15,4,5,30,48,1
8,4,1,3,4,37,29,41,1
4,3,4,18,4,12,26,55,2
9,3,1,9,4,39,29,48,2
25,3,1,15,4,38,14,2,1
25,3,1,13,4,26,16,53,0
4,2,5,10,4,57,29,20,2
9,3,1,18,4,41,29,57,2
4,0,10,10,4,12,30,29,2
29,3,1,4,0,41,19,50,1
1,3,2,15,4,41,29,30,1
4,1,1,18,4,37,24,8,1
4,1,1,3,4,28,22,57,0
4,3,5,15,4,44,29,0,2
7,3,1,3,0,5,22,48,1
4,3,2,9,4,0,24,43,1
8,2,4,9,4,12,30,20,2
32,2,3,9,4,62,25,57,2
4,3,3,18,4,57,25,20,1
1,3,3,9,4,34,29,50,2
4,4,3,15,4,11,29,18,1
4,2,3,10,4,2,25,39,2
7,4,1,15,4,41,18,36,2
4,3,2,9,4,0,6,23,1
3,3,1,9,4,34,30,24,2
4,3,2,9,4,1,29,47,0
4,4,1,9,4,1,27,3,1
9,2,5,15,0,9,2,28,2
1,2,3,18,4,21,29,30,2
9,3,1,3,4,42,7,50,1
23,3,1,18,4,59,29,3,1
7,3,2,3,0,15,29,26,2
3,3,1,15,4,12,29,20,2
7,4,2,13,4,65,5,47,2
4,3,2,15,4,26,29,22,1
7,3,1,15,4,59,29,7,2
4,3,1,10,4,3,19,29,1
4,3,1,9,4,57,21,28,0
1,4,2,13,4,0,29,30,1
4,3,1,9,4,42,26,18,0
32,4,2,15,4,39,28,55,2
4,1,1,9,2,54,29,0,0
4,3,3,9,4,26,29,55,0
7,3,1,13,0,38,25,2,2
9,3,1,8,4,0,29,3,1
4,3,2,18,4,4,19,57,1
32,3,2,9,4,40,27,12,1
4,3,1,18,4,13,27,30,1
9,2,3,8,4,24,28,30,2
9,3,2,18,4,12,29,24,2
4,3,1,8,0,41,21,18,1
4,3,3,9,4,53,25,22,1
7,3,2,18,4,12,29,20,2
29,3,1,3,0,62,29,29,1
7,4,1,15,0,14,29,18,1
9,4,1,18,4,55,29,22,2
4,4,3,9,0,60,29,30,2
4,4,5,18,0,59,25,57,2
8,0,5,10,4,37,29,3,2
4,3,1,9,0,26,29,29,1
10,3,1,18,0,41,25,3,1
4,2,2,13,4,12,23,57,2
4,2,3,18,4,0,18,18,2
7,3,1,9,4,57,27,28,2
9,3,1,18,4,24,7,8,2
1,3,3,9,4,54,29,30,1
4,3,2,9,4,28,14,55,1
4,3,1,9,4,2,21,57,1
4,4,1,9,4,12,28,24,2
9,3,1,4,4,26,29,30,2
31,3,2,9,4,56,27,47,1
4,3,1,9,4,3,6,41,1
6,3,2,15,4,38,27,41,1
4,4,3,10,4,57,2,23,1
4,3,2,9,4,33,28,39,1
4,3,3,10,4,57,27,18,1
4,3,1,3,4,34,29,43,0
4,3,3,18,0,12,27,20,2
9,2,3,18,4,37,29,2,2
1,2,5,9,4,0,29,30,2
10,3,3,15,4,59,29,0,2
4,2,3,9,4,35,25,29,2
33,3,1,18,4,0,29,24,1
4,4,3,10,4,28,29,50,2
4,2,1,18,4,34,29,57,1
1,2,3,9,4,0,29,0,2
11,2,8,10,4,23,25,29,2
4,3,2,9,4,40,26,23,1
8,3,2,8,0,41,29,30,2
8,3,1,9,4,21,15,30,2
7,3,3,10,4,41,27,23,2
9,3,5,15,4,4,14,30,2
33,3,1,13,4,54,29,20,0
9,3,3,18,4,22,23,22,2
20,0,2,8,4,57,29,28,2
4,3,3,9,4,0,26,47,1
4,4,3,15,4,0,22,21,2
4,3,1,16,4,39,9,20,1
4,2,10,15,0,21,29,52,1
33,4,2,9,4,37,28,7,1
4,3,1,18,3,9,29,28,0
4,4,1,9,4,12,29,30,1
1,3,2,15,4,54,29,22,2
0,3,1,18,4,4,28,36,1
7,3,1,8,0,54,29,11,2
3,3,3,9,4,12,7,23,2
10,3,3,15,4,0,29,0,2
4,3,2,3,4,28,24,18,0
4,3,3,9,4,57,29,20,1
7,4,1,9,4,21,29,30,2
8,4,1,9,4,41,29,30,2
4,3,2,18,0,12,26,29,2
7,3,1,15,4,54,29,30,1
7,3,2,16,4,21,19,29,2
4,3,1,3,0,21,29,30,0
4,1,1,18,2,34,29,28,0
9,3,2,15,4,37,13,39,2
8,2,4,9,4,12,30,20,2
1,2,2,18,4,34,30,30,1
4,3,1,9,4,62,21,29,1
7,0,5,9,4,21,29,30,2
4,3,2,15,4,57,29,30,1
4,4,4,13,4,12,29,23,2
4,2,5,16,4,7,29,21,1
13,3,2,8,0,3,28,41,1
33,3,1,18,4,37,29,28,1
9,3,1,8,4,42,21,30,2
1,2,5,9,4,57,29,30,2
11,3,3,3,4,14,29,45,2
3,3,1,18,4,26,25,3,1
33,3,1,8,4,41,28,0,1
1,4,3,9,4,0,27,28,2
25,4,2,15,4,39,28,55,2
8,3,1,15,4,38,14,2,2
1,3,1,3,4,41,29,50,1
4,3,1,15,4,39,29,24,0
4,4,2,15,4,0,29,28,1
4,3,1,18,0,12,29,50,1
4,2,2,15,4,9,29,24,1
4,3,1,9,4,41,29,3,1
4,3,2,18,4,41,29,31,1
18,3,2,15,4,38,7,2,1
4,3,1,18,4,28,26,55,1
1,3,2,9,4,34,26,20,2
4,4,5,9,4,3,9,41,1
1,3,3,9,4,4,27,36,2
4,4,5,9,4,0,29,29,2
7,3,3,9,4,28,22,55,2
30,3,1,3,4,41,28,4,1
4,3,1,9,4,39,22,21,1
9,3,1,15,4,41,3,1,2
9,3,2,15,4,1,29,21,1
1,3,5,9,0,34,19,43,2
8,1,1,15,4,3,26,41,1
4,3,1,8,0,10,9,16,1
4,3,3,8,4,59,29,21,1
4,2,3,15,4,37,17,24,1
33,3,2,18,4,30,29,28,1
8,1,1,15,0,41,27,28,2
7,4,3,10,4,0,26,29,2
1,3,1,13,0,11,26,23,1
9,1,1,18,4,0,29,30,1
4,3,1,13,4,56,22,30,1
0,3,3,3,4,39,28,30,1
7,3,1,8,4,12,25,19,2
8,3,2,9,4,57,16,37,1
7,1,1,3,4,39,20,7,1
4,0,10,9,4,39,27,29,2
1,4,1,10,4,57,4,20,2
4,3,1,18,4,41,29,28,0
1,3,2,9,4,37,29,23,2
4,3,1,8,4,34,29,50,1
4,3,1,18,4,14,29,7,0
7,2,6,9,4,1,21,29,2
10,3,1,8,4,41,21,19,2
4,2,3,9,4,19,24,5,2
2,3,1,16,4,41,3,1,2
4,3,3,9,4,37,29,20,2
4,3,1,8,4,41,29,50,1
7,3,3,15,0,4,29,24,2
4,3,1,16,4,12,29,23,1
8,3,2,18,4,28,29,30,1
1,3,2,15,4,56,28,48,1
31,3,2,15,4,38,27,41,1
1,3,2,18,4,56,29,24,1
4,3,1,15,4,1,28,18,1
9,3,2,9,0,57,27,29,2
4,3,1,18,4,1,29,35,0
4,3,2,9,4,57,23,29,1
7,4,1,8,4,42,17,29,2
4,4,2,16,4,66,29,45,1
8,2,3,18,4,37,29,52,2
33,3,1,3,4,37,22,57,1
0,0,1,18,0,47,29,40,2
1,3,2,8,4,41,29,48,2
4,0,10,10,4,37,30,29,2
7,3,3,13,0,39,29,55,1
4,3,1,9,4,56,26,30,1
0,3,2,11,4,12,4,10,2
4,4,5,9,4,1,29,30,1
7,3,2,18,4,5,28,48,1
33,3,2,16,4,35,29,28,2
4,4,2,9,4,12,29,47,1
0,3,1,18,4,4,29,50,1
9,3,1,9,4,1,29,57,2
1,3,3,15,4,40,29,23,2
7,3,1,15,4,12,29,23,2
7,3,3,9,4,41,25,57,2
12,2,10,11,4,21,29,45,2
4,4,3,15,4,37,10,52,1
9,3,5,9,4,37,2,28,2
32,3,1,6,0,56,29,21,0
8,3,1,18,4,0,29,30,1
16,2,8,9,0,65,18,55,2
4,1,1,9,4,1,29,1,0
20,4,3,8,4,0,29,28,1
0,3,1,15,4,33,5,39,2
7,3,5,10,0,6,14,48,2
27,3,3,15,4,0,28,57,1
7,1,1,18,0,41,28,43,1
4,3,1,8,0,41,26,57,0
1,3,1,18,0,28,29,55,1
4,3,1,18,4,53,29,51,1
9,4,2,9,4,57,29,22,1
4,2,3,18,4,37,29,30,1
13,3,2,9,4,41,29,55,2
4,1,1,15,4,52,4,57,1
4,4,3,9,4,1,29,29,1
4,4,2,8,4,9,29,28,1
2,3,1,9,0,42,29,29,2
4,2,5,10,4,28,24,50,2
1,3,2,3,4,61,28,57,1
4,4,1,18,4,32,29,22,1
7,3,1,9,4,37,27,4,1
7,0,5,9,4,21,29,30,2
4,3,1,13,4,41,29,50,1
33,0,5,16,4,37,29,28,2
4,1,1,18,4,4,28,36,1
4,2,5,10,4,26,30,40,2
33,3,17,18,4,34,29,50,0
4,3,3,9,4,41,26,41,2
4,3,3,18,0,12,21,23,2
4,3,1,15,0,37,28,22,1
10,3,1,8,4,41,24,29,2
7,3,1,3,4,41,22,47,1
4,3,3,9,4,12,30,23,2
4,3,3,8,4,7,29,30,1
11,3,1,9,4,17,26,40,2
23,3,1,18,8,37,29,23,1
7,3,1,13,4,56,29,30,2
4,4,1,18,4,35,28,19,1
4,3,3,10,4,37,29,31,1
25,3,4,10,4,4,28,48,1
4,3,2,3,4,9,29,28,0
4,3,2,13,4,35,29,50,1
20,3,5,8,4,12,29,28,2
4,3,1,8,4,39,12,39,1
4,3,1,18,0,19,28,47,1
4,4,3,16,4,37,14,2,1
20,0,5,8,4,57,29,28,2
9,3,1,18,4,39,27,57,2
4,3,1,8,4,35,27,57,0
1,2,5,18,4,5,22,1,2
7,3,1,9,4,0,27,30,2
4,3,2,16,0,12,12,22,2
4,4,3,18,4,9,29,28,1
4,3,2,8,4,56,29,18,0
4,3,1,8,4,9,29,28,0
1,3,1,6,4,30,29,40,0
4,3,2,10,4,57,21,50,1
4,3,1,16,0,41,15,50,1
16,3,1,9,4,12,15,20,2
4,3,2,3,4,41,29,50,0
9,3,3,10,4,37,26,2,2
4,4,3,15,4,38,29,24,2
4,4,4,10,4,28,19,29,2
13,3,1,9,4,44,29,30,1
1,3,1,10,4,37,5,39,2
9,3,2,9,4,41,29,31,2
1,4,1,9,4,37,29,18,1
4,3,2,15,0,40,29,45,1
3,3,2,9,4,22,29,50,1
4,2,3,9,0,0,27,19,2
4,2,4,18,4,34,26,20,1
4,1,1,9,0,12,26,20,1
4,4,5,9,4,41,29,3,1
7,1,1,18,4,20,29,51,1
0,3,2,18,4,5,29,22,1
4,3,1,13,4,42,18,7,0
7,3,1,13,4,56,29,24,1
4,3,2,9,4,57,29,22,1
7,2,3,16,4,1,19,29,2
4,2,1,18,4,41,19,24,1
28,4,1,15,4,55,26,45,2
0,3,1,15,4,33,5,39,2
4,3,2,18,4,56,28,43,1
4,1,1,3,4,42,29,29,1
20,4,3,8,4,34,29,28,2
4,3,1,9,4,12,28,20,1
4,3,2,9,4,12,28,31,1
7,4,1,18,0,19,29,30,1
4,4,1,9,4,41,29,30,1
33,3,1,18,4,55,6,31,1
4,3,1,18,4,54,23,19,1
8,4,2,15,4,39,14,21,2
4,3,1,9,4,53,28,33,0
9,4,5,13,4,21,29,30,2
20,3,1,8,4,41,24,29,1
9,1,1,15,4,19,29,57,1
4,3,3,9,4,22,28,50,1
1,3,2,15,4,39,29,7,1
9,1,1,9,4,0,14,55,2
4,1,1,9,4,35,28,30,0
8,4,3,3,4,9,29,28,2
7,4,10,3,4,63,29,30,2
1,3,2,18,4,0,29,52,1
1,4,3,8,0,22,29,57,1
4,4,1,9,4,35,29,53,1
4,3,2,13,4,10,20,50,1
8,2,2,15,4,41,29,41,2
7,2,4,18,4,2,28,9,2
4,4,2,9,4,12,14,20,2
7,3,4,18,4,32,23,22,2
1,3,2,8,4,39,28,55,2
4,3,2,15,4,12,29,53,1
7,3,1,9,0,28,29,55,1
8,3,2,15,4,37,29,21,2
27,4,2,8,4,41,1,57,1
4,3,1,9,4,11,26,20,2
4,3,3,9,0,12,23,23,1
11,3,1,15,4,41,3,1,1
7,1,1,18,4,42,29,12,1
9,1,1,9,4,37,29,57,2
7,4,2,16,4,39,1,40,2
9,4,5,9,4,41,21,29,2
32,3,2,9,4,0,22,28,0
4,1,1,3,0,56,28,3,0
4,2,3,15,4,41,20,18,1
33,3,3,18,4,17,29,28,2
9,3,1,3,4,54,29,47,1
27,3,1,8,4,41,24,29,1
4,4,3,9,4,10,29,23,2
7,1,1,8,2,56,24,50,0
4,3,5,15,4,12,29,3,2
9,3,1,15,4,41,29,55,2
0,3,1,3,4,9,29,29,1
4,3,2,6,4,57,3,22,2
4,4,1,9,4,12,29,23,2
4,2,3,16,4,37,29,2,2
4,3,2,18,4,9,29,28,0
4,3,2,16,4,12,29,20,1
9,3,2,18,4,9,27,28,1
1,2,5,9,4,24,27,30,2
4,3,1,9,4,42,26,18,0
33,3,2,18,4,30,29,28,1
7,4,3,10,4,29,26,21,2
4,3,3,13,4,28,29,55,1
8,3,1,15,4,0,9,23,2
7,3,5,15,4,39,28,31,2
4,3,2,18,4,28,29,55,1
4,4,3,13,4,9,27,52,0
4,3,3,15,4,41,28,23,1
7,3,1,6,0,19,29,18,1
4,1,1,15,4,18,28,18,1
7,3,2,10,4,17,27,18,2
4,3,2,18,3,9,25,45,0
9,4,2,15,4,12,29,20,2
9,3,1,8,4,37,29,53,1
4,3,1,18,4,34,29,12,0
0,3,1,8,4,41,29,3,1
4,2,5,18,4,37,24,1,2
7,1,1,3,4,34,29,50,1
19,3,3,15,4,57,28,50,1
4,3,1,3,8,37,29,40,0
3,3,1,18,4,56,24,30,1
7,3,1,15,4,0,23,57,1
4,3,3,10,4,37,19,29,1
4,1,1,18,4,0,29,21,0
4,3,1,9,4,34,26,13,1
33,4,3,9,4,0,29,30,2
9,3,1,18,4,54,10,50,2
4,2,5,9,4,41,29,30,2
4,4,3,9,0,41,29,29,1
4,3,1,8,4,56,29,52,0
27,4,2,9,4,57,29,46,1
4,3,2,18,4,26,30,50,0
4,3,1,3,4,21,29,52,0
9,3,1,15,4,55,30,50,2
4,2,5,9,4,0,9,48,2
4,3,2,13,3,0,29,30,1
4,3,2,15,4,38,27,41,0
4,3,1,13,4,56,3,22,0
11,4,2,18,4,37,23,22,2
16,3,1,15,4,59,29,30,2
4,3,1,9,4,12,7,53,1
4,4,3,15,4,28,30,55,1
3,4,4,16,4,42,16,41,2
8,3,1,18,4,29,29,30,1
8,3,1,3,4,41,29,29,1
9,2,1,0,0,58,29,30,2
7,4,7,18,4,59,29,22,2
9,1,1,9,4,9,15,28,2
4,3,1,3,4,39,29,46,0
7,4,2,8,4,33,29,28,1
4,4,3,15,4,4,13,48,1
0,4,5,8,4,54,29,50,1
4,3,1,9,4,0,28,7,1
9,4,3,18,4,22,20,50,2
4,1,1,9,4,43,20,2,0
4,3,2,8,0,41,29,7,1
4,4,4,18,4,1,28,1,2
4,3,2,9,4,4,29,21,0
9,3,1,9,4,12,2,23,2
10,3,1,8,4,41,24,29,2
7,2,2,9,4,21,29,24,2
4,3,2,18,4,28,29,55,0
33,3,2,9,4,56,8,12,1
1,1,1,15,4,4,29,36,1
9,3,1,8,4,41,23,57,2
4,2,3,9,4,41,22,12,2
0,3,2,8,0,41,28,47,1
4,3,1,8,4,10,29,53,0
4,4,3,9,4,38,23,29,2
7,3,2,15,4,14,29,18,2
0,3,5,18,4,14,16,29,2
4,3,3,9,4,12,15,20,1
33,2,3,15,4,21,30,57,2
4,4,2,15,4,34,21,30,1
7,3,1,3,4,56,29,50,1
4,3,1,18,4,42,29,1,0
4,3,3,9,4,12,12,36,1
4,3,2,9,4,33,29,39,1
8,2,5,10,4,21,16,30,2
4,2,2,9,0,7,9,16,1
4,3,1,9,4,12,29,41,1
7,4,3,15,4,7,27,30,2
4,2,3,9,4,9,19,28,1
0,3,4,13,4,0,26,20,2
7,4,4,6,4,40,29,30,2
7,4,2,13,4,14,29,50,2
4,3,1,15,4,37,27,29,1
4,3,3,8,0,9,29,28,1
8,4,1,15,4,26,17,29,2
4,2,3,9,4,28,24,55,2
4,3,1,18,4,54,29,28,0
4,3,2,9,4,39,26,29,2
4,3,3,15,4,41,11,3,0
4,0,5,9,4,8,28,9,1
4,3,1,9,4,10,25,41,2
4,2,5,18,4,0,22,47,2
4,3,2,18,4,26,4,57,0
1,2,8,9,4,61,28,29,2
6,3,2,15,4,38,27,41,1
1,3,1,8,4,41,16,41,1
4,4,2,9,4,37,23,39,1
7,3,1,8,4,4,23,36,2
4,3,2,9,4,35,9,22,1
7,3,1,8,4,34,29,24,1
4,3,2,16,4,56,25,29,1
4,3,1,9,4,12,14,20,1
1,2,8,9,4,1,20,48,2
1,3,2,15,4,39,29,3,2
4,3,2,8,4,15,27,12,0
1,3,1,15,4,12,29,39,1
9,3,1,15,4,40,14,31,2
4,3,1,9,4,28,15,30,0
4,0,5,18,4,59,28,9,2
1,4,2,9,4,3,29,1,2
4,2,10,18,4,0,28,45,2
6,3,2,18,4,9,27,28,1
4,2,5,9,4,7,29,36,1
4,3,1,18,4,14,29,30,0
4,4,1,18,4,0,23,28,1
1,3,2,18,4,41,29,30,1
4,4,4,18,4,57,29,50,0
9,3,2,9,4,37,29,55,2
4,2,2,16,4,34,29,20,1
7,3,1,18,4,37,29,50,2
1,3,2,9,3,33,27,39,1
7,3,2,9,4,50,24,28,2
4,3,1,8,4,42,16,41,0
9,3,1,15,4,56,29,18,1
4,2,5,18,4,37,24,1,2
4,2,5,10,4,39,19,29,2
26,3,2,8,0,61,29,30,1
4,4,1,15,4,0,29,30,1
4,3,2,3,4,41,21,3,1
9,4,3,9,4,0,29,57,2
1,2,2,10,4,57,29,30,2
7,2,5,9,4,21,29,55,2
0,3,1,6,0,65,27,3,1
7,3,2,9,4,55,29,57,2
4,2,3,10,4,37,22,48,2
8,3,1,13,4,41,29,20,1
4,3,1,9,4,55,29,24,1
9,3,1,16,4,42,6,22,2
4,3,1,8,4,56,1,51,0
7,3,2,13,4,0,29,30,1
4,3,1,9,4,4,29,36,1
4,2,5,9,4,57,29,30,2
4,3,2,10,4,12,29,24,2
4,3,2,15,4,8,28,9,1
4,3,1,18,3,30,29,40,0
7,3,2,15,0,59,29,30,2
7,4,3,18,4,37,29,28,2
4,3,1,18,0,35,29,50,1
4,3,2,18,4,18,29,50,0
4,3,2,13,4,37,29,8,1
7,3,2,9,3,18,28,30,2
4,3,3,9,4,12,18,8,1
4,3,2,13,4,12,1,57,2
4,3,4,13,0,39,26,29,2
0,3,1,3,4,9,29,29,1
4,3,3,3,4,23,28,23,1
4,2,4,9,4,41,29,29,2
7,3,3,6,0,61,19,30,1
4,1,1,3,4,39,20,7,0
4,3,3,8,0,41,27,3,0
25,3,1,8,4,9,29,28,0
4,3,2,18,4,34,30,57,1
30,0,3,18,4,41,29,47,2
9,4,5,9,4,21,29,30,2
7,3,2,18,0,59,29,21,2
9,3,1,3,4,34,1,57,2
4,3,2,18,4,57,29,55,2
4,3,1,9,4,10,23,29,1
25,3,1,10,4,3,23,41,1
20,4,1,9,4,9,29,28,1
4,1,1,9,4,35,22,20,1
0,3,3,15,4,12,9,23,2
9,1,1,18,4,31,27,20,1
9,3,1,18,4,0,29,0,1
7,4,2,18,4,41,29,30,1
4,3,2,9,4,12,28,24,2
7,3,1,15,4,54,29,30,1
7,3,1,18,4,21,21,30,2
33,3,3,18,4,6,29,21,2
4,3,1,9,4,12,23,3,0
27,3,1,18,4,41,29,21,1
9,3,1,15,4,12,29,20,2
3,3,1,8,4,54,29,50,2
1,3,3,18,4,53,29,24,1
12,3,2,15,4,38,27,41,0
9,1,1,18,4,41,29,41,2
4,3,2,18,4,13,29,30,1
27,3,2,8,4,65,29,3,1
4,1,1,8,2,54,29,20,0
4,3,2,9,4,4,29,57,1
3,1,1,18,4,56,29,50,1
7,1,1,18,4,41,28,43,1
4,3,1,8,4,41,24,29,1
4,1,1,9,4,12,28,29,1
7,4,5,16,4,34,11,48,2
11,3,3,3,4,14,29,45,1
4,3,1,8,0,41,24,50,0
4,2,5,18,0,14,25,57,2
1,3,3,9,4,10,29,20,2
27,3,1,8,3,3,23,41,2
1,3,2,15,4,0,29,30,2
7,3,1,15,4,12,13,20,2
7,3,2,15,4,37,29,42,1
10,3,1,15,4,14,18,55,1
4,3,2,8,4,0,29,50,1
33,3,1,9,4,22,2,30,1
4,2,2,18,4,28,28,28,2
4,3,1,9,4,13,25,42,1
8,4,2,15,4,14,29,29,2
33,3,1,18,4,30,29,28,1
4,3,5,15,4,37,29,30,2
9,3,2,8,4,40,29,36,2
4,3,1,16,4,37,19,29,1
7,3,4,15,0,12,29,57,2
0,1,1,8,4,41,21,41,1
7,3,2,6,4,63,29,57,2
4,3,1,9,4,3,29,41,1
7,4,2,18,4,37,14,30,2
8,3,2,18,4,24,29,30,1
4,4,1,18,4,14,29,28,1
4,2,7,9,4,34,27,5,2
1,3,3,15,0,57,26,26,1
7,3,2,15,4,39,29,57,2
10,1,1,3,4,14,20,7,0
4,3,2,13,4,38,27,41,0
4,3,5,3,4,15,29,28,0
4,3,3,9,4,0,30,18,1
7,3,2,13,4,66,29,30,2
7,2,5,16,4,1,19,29,2
33,4,2,15,4,22,28,7,1
13,3,2,18,4,59,21,3,1
7,3,1,18,4,17,29,24,2
9,3,4,10,4,57,15,30,2
3,2,5,16,4,34,29,24,2
1,3,1,8,4,53,29,40,1
1,1,1,15,4,12,29,20,2
8,2,3,10,4,18,23,47,2
25,2,3,9,4,29,29,0,2
9,3,4,9,4,39,9,4,2
1,3,2,9,4,29,27,47,1
11,4,2,18,4,37,23,22,2
9,3,2,8,4,41,1,57,2
7,3,4,8,4,31,29,21,2
7,3,2,15,4,12,29,50,2
4,3,1,9,4,0,29,22,0
22,2,3,9,4,0,29,30,2
7,2,5,9,4,21,29,29,2
7,4,3,9,4,7,29,48,2
25,4,1,15,4,37,29,53,2
13,2,2,9,0,41,29,50,2
4,3,1,18,4,9,29,28,0
4,3,3,8,4,40,11,30,1
4,3,1,8,0,41,21,18,1
4,4,3,9,4,10,26,41,1
4,3,3,13,4,37,29,24,0
4,3,1,18,4,9,29,28,0
4,1,1,8,4,41,21,41,0
4,3,3,16,4,32,29,22,1
1,3,2,3,4,15,27,12,1
4,3,3,8,4,35,29,57,1
4,3,1,9,4,0,15,3,1
7,2,2,9,4,22,26,21,2
4,3,2,9,0,1,22,48,1
9,3,2,8,4,10,15,23,2
4,3,1,9,4,37,29,28,0
9,3,2,9,4,28,29,28,1
4,4,3,9,0,28,29,30,1
1,4,3,9,4,0,12,28,2
4,3,1,9,4,4,28,21,1
4,3,2,18,4,12,9,22,1
9,3,1,9,4,37,29,30,2
4,2,7,16,4,7,19,29,2
23,3,1,18,8,37,29,23,1
4,1,1,9,4,61,2,7,1
4,2,10,10,4,39,19,29,2
7,2,5,16,4,21,19,29,2
20,0,2,8,4,57,29,28,2
9,3,2,9,4,0,12,50,1
9,3,2,18,0,15,30,57,1
1,4,2,10,4,21,27,30,2
4,2,2,13,4,41,14,50,2
8,3,1,3,4,41,29,29,1
7,4,1,15,4,41,18,36,2
1,3,3,16,4,55,19,29,2
4,3,2,9,4,3,21,41,1
7,4,1,9,4,14,13,18,2
9,3,1,18,4,0,29,30,2
4,3,1,13,0,44,25,5,1
0,3,4,13,4,0,26,20,2
4,2,3,9,0,0,28,57,2
4,0,20,9,4,9,29,30,2
4,3,2,9,4,7,29,21,1
4,3,3,6,4,34,30,3,0
1,3,2,9,4,33,29,39,2
4,3,1,18,4,15,29,9,0
7,3,1,15,4,4,29,48,2
33,3,2,13,4,5,29,48,1
28,4,2,9,4,14,29,57,2
4,3,3,9,4,66,29,29,2
4,4,3,15,4,12,29,50,2
1,3,2,13,4,54,29,57,2
4,3,3,15,4,28,26,50,1
7,2,5,15,4,1,18,29,2
7,3,1,15,4,0,29,28,1
33,4,10,10,4,59,29,30,2
7,4,3,9,4,0,26,22,2
7,3,2,13,4,38,27,41,2
4,2,5,18,4,61,29,30,2
4,3,3,15,4,35,29,51,1
4,3,3,15,4,42,28,23,1
4,4,2,10,4,10,4,50,1
8,3,1,13,4,28,28,30,2
17,3,1,8,4,41,16,41,1
1,3,1,15,4,35,29,24,2
4,4,3,9,4,1,21,9,1
10,3,1,3,4,3,29,29,1
4,4,4,15,4,12,18,20,2
9,3,2,9,4,57,29,30,2
4,3,2,15,4,19,29,40,0
4,3,5,18,0,29,29,0,1
4,3,1,9,4,1,27,1,1
7,4,1,18,4,9,1,28,2
4,2,3,9,4,41,26,29,1
4,3,1,15,4,42,21,43,1
4,4,3,18,4,38,24,1,2
4,3,1,6,4,35,29,50,0
7,3,1,8,4,41,24,29,2
4,1,1,9,4,21,27,7,1
7,3,2,15,4,66,29,36,2
1,3,2,15,4,54,14,21,1
9,1,1,9,4,3,20,2,2
4,2,3,10,4,58,29,17,2
26,4,2,9,4,39,29,30,2
4,3,1,18,4,0,29,3,1
8,2,3,10,4,18,23,47,2
4,3,2,15,4,34,27,3,1
4,3,3,3,4,59,9,12,0
16,0,10,9,4,5,29,30,2
33,2,5,15,4,23,20,30,2
4,3,1,9,4,0,29,29,1
4,4,3,18,4,12,29,29,2
32,2,2,9,4,48,29,0,2
4,1,1,15,4,56,29,48,0
4,1,1,8,4,4,29,36,0
4,3,1,16,4,39,19,29,1
9,2,5,18,4,41,27,12,2
4,1,1,6,2,42,29,20,0
4,3,1,3,4,10,22,57,0
4,3,2,15,0,39,1,57,1
4,2,3,15,4,41,20,18,1
8,3,1,15,4,12,1,23,1
4,2,4,9,4,28,29,29,2
4,3,2,9,4,57,29,22,1
9,3,3,18,4,54,29,24,1
4,4,2,10,4,37,29,47,1
4,3,1,9,4,19,25,18,0
4,1,1,9,4,43,20,2,0
7,3,1,9,4,0,28,48,2
7,3,4,18,4,57,29,30,2
1,3,1,18,4,3,28,23,1
9,3,3,9,4,0,24,23,1
7,3,2,15,0,56,28,43,1
4,3,5,9,0,40,26,3,1
4,2,5,18,4,9,27,28,2
8,4,2,15,4,14,29,29,2
4,3,3,9,4,41,29,28,1
9,3,1,15,4,56,14,57,2
4,4,3,9,4,24,29,30,1
4,3,2,18,4,9,27,28,0
7,3,1,9,4,0,28,30,2
33,1,1,3,4,59,29,3,0
7,2,5,9,4,57,7,52,2
0,3,2,18,4,22,29,9,1
1,3,1,13,4,26,28,28,1
4,2,3,9,4,12,29,55,2
9,4,1,18,4,65,29,30,2
4,2,3,16,4,0,19,29,2
7,3,3,13,4,37,29,55,2
4,3,3,9,4,3,24,41,2
7,1,1,3,4,26,16,2,2
9,3,2,9,0,10,16,20,2
7,3,1,18,4,15,11,48,2
4,3,3,9,4,12,15,30,1
4,3,1,18,4,33,29,39,0
27,4,2,8,4,41,1,57,1
4,4,5,9,4,34,15,57,1
1,3,3,13,0,54,28,21,2
7,3,1,15,0,38,29,2,2
4,3,2,8,4,42,29,17,1
7,4,4,15,4,37,29,30,2
32,2,8,15,4,41,29,30,2
7,4,5,15,4,21,28,57,2
1,3,3,5,0,39,27,12,1
1,3,2,15,4,1,29,57,1
13,3,1,15,4,40,29,12,1
0,3,2,9,4,54,16,29,2
7,2,12,9,4,0,29,30,2
1,3,2,18,4,41,18,57,1
4,3,2,15,4,39,29,20,1
4,3,3,9,4,1,24,1,1
4,3,3,18,4,56,25,45,0
1,3,2,18,4,55,24,23,2
4,3,2,8,4,34,14,20,1
8,3,3,15,4,41,29,50,2
3,3,1,8,4,42,16,22,1
1,3,1,8,4,41,16,41,1
4,3,2,15,4,56,29,21,0
1,2,1,9,4,52,29,47,1
9,4,2,9,4,41,29,50,1
4,4,5,9,4,29,24,43,2
4,3,3,15,4,0,29,10,1
4,3,2,18,0,54,24,55,1
7,3,1,18,4,59,29,3,1
7,4,3,9,4,54,29,51,2
4,3,2,18,4,12,18,23,2
4,3,2,18,4,22,29,57,1
20,4,3,8,4,34,29,28,2
9,3,2,13,0,41,29,18,2
9,3,1,18,4,26,29,39,1
4,3,2,15,4,57,29,30,1
11,1,1,18,0,41,25,3,1
4,3,1,8,4,41,24,29,1
4,3,2,18,4,12,14,20,2
4,3,2,3,4,5,29,24,0
30,3,1,15,4,11,16,41,1
25,1,1,15,4,38,7,2,1
9,3,1,8,4,3,26,41,1
4,4,2,9,4,66,29,30,1
4,1,1,8,0,41,28,43,0
16,2,8,10,4,34,29,48,2
1,2,5,9,4,34,2,20,2
33,3,3,18,4,38,17,24,2
4,3,1,18,4,28,29,57,1
4,2,3,16,4,9,21,28,1
7,3,1,18,4,34,26,18,2
4,4,2,9,0,0,29,55,1
4,3,5,9,4,57,28,36,1
8,3,1,15,4,26,17,29,2
4,2,3,18,4,0,29,30,1
9,4,1,9,4,21,29,30,2
4,3,3,9,0,57,27,18,1
4,2,3,9,4,22,21,50,2
4,3,4,9,0,12,13,29,2
4,2,3,9,4,12,21,23,2
4,4,3,9,4,34,15,1,1
7,3,3,18,8,60,29,21,2
2,1,1,3,0,3,16,41,1
7,3,2,8,4,22,14,42,2
9,3,2,15,4,39,25,57,2
4,3,1,9,4,39,13,23,1
9,3,2,9,4,41,29,31,2
4,4,3,9,4,12,21,23,2
4,1,1,9,4,41,16,2,1
1,3,1,18,4,37,29,18,2
1,4,3,9,4,54,3,48,2
4,4,5,18,4,0,29,50,1
4,3,2,16,0,12,12,22,2
9,3,1,9,4,0,11,28,1
7,3,2,15,4,26,29,48,2
4,3,1,18,4,28,29,55,0
7,3,1,9,4,32,29,47,2
2,3,1,16,4,41,3,1,2
10,3,1,3,0,41,29,3,1
32,4,3,10,4,0,29,47,2
9,3,2,15,4,5,21,48,2
4,3,1,18,0,42,29,57,1
4,3,1,18,4,28,29,55,0
20,0,3,9,4,9,29,28,2
1,3,4,16,4,12,9,20,2
4,1,1,3,4,56,29,57,1
4,1,1,9,4,34,29,20,0
8,3,1,18,4,41,29,30,2
4,3,3,15,4,56,29,30,1
27,3,1,8,4,3,17,41,1
1,4,3,9,4,57,29,30,2
7,1,1,9,0,37,19,20,1
4,2,4,18,4,34,26,20,1
1,3,2,15,0,28,29,57,2
7,3,1,15,0,7,29,48,2
8,1,1,18,4,12,29,20,1
7,3,2,18,4,34,25,48,2
1,4,2,3,0,9,29,28,1
1,1,1,18,4,3,26,41,1
9,1,1,9,4,3,20,2,2
9,1,1,5,2,4,29,36,0
4,4,2,9,4,37,20,57,1
8,3,2,18,4,22,29,30,1
9,3,1,8,4,5,29,48,1
4,0,10,10,4,22,30,29,2
25,3,3,10,4,33,29,39,2
4,3,1,8,4,9,27,28,0
10,2,2,15,4,41,29,41,2
4,3,3,3,0,15,29,53,0
4,3,1,3,4,54,29,50,0
4,3,1,9,0,57,28,53,0
10,3,1,15,4,38,14,2,1
4,4,2,9,4,41,29,29,2
4,2,2,18,4,53,29,43,1
4,2,3,9,4,39,18,43,2
4,1,4,18,4,12,17,19,2
32,4,1,18,4,41,29,28,1
7,3,1,8,4,40,27,12,1
4,1,1,18,4,13,8,8,1
4,3,1,15,4,12,29,53,1
4,3,1,13,4,28,29,55,1
7,3,1,3,4,41,29,43,1
4,3,1,9,4,40,19,46,1
9,3,1,15,4,18,29,57,2
4,3,2,9,0,12,9,16,1
4,2,6,9,4,14,30,42,2
7,2,3,9,4,0,25,29,2
8,2,4,15,0,34,29,30,2
4,0,20,0,4,28,29,30,2
1,3,3,5,0,39,27,12,1
8,1,1,16,0,37,29,34,1
9,3,3,8,4,12,29,11,2
8,3,1,15,4,26,17,29,2
4,3,2,6,4,56,29,3,1
9,3,1,8,4,41,16,41,2
1,3,3,18,4,37,27,50,2
4,4,3,9,4,0,29,28,1
4,3,1,15,4,61,29,7,1
4,3,1,18,4,41,30,50,0
4,3,1,16,4,12,8,23,1
33,3,1,4,4,26,29,24,1
14,4,5,9,4,29,29,30,2
9,3,1,9,4,56,16,41,1
4,3,2,18,4,39,20,57,2
4,3,5,15,4,6,2,30,1
7,3,1,15,4,54,8,30,1
4,3,3,18,4,34,29,20,1
7,3,1,8,4,9,29,48,1
4,3,1,9,4,7,29,0,1
4,4,3,15,4,18,25,57,1
7,3,2,9,4,23,1,30,1
9,3,2,6,0,42,20,50,2
4,4,2,9,4,37,29,28,1
23,2,7,10,4,41,24,50,2
2,4,1,9,4,56,24,30,2
1,2,4,18,4,30,29,30,2
3,3,1,13,4,12,9,23,2
7,3,3,9,4,41,25,57,2
1,3,1,18,4,22,24,21,1
3,3,1,15,4,59,29,24,1
8,3,2,16,4,36,19,29,2
1,3,1,15,4,56,28,48,1
4,4,1,18,4,34,29,1,1
4,3,2,18,4,37,29,57,1
4,3,1,13,4,56,23,57,1
4,2,5,9,4,38,25,29,2
4,2,1,9,4,10,28,28,2
4,4,1,13,0,9,29,42,1
33,0,5,16,4,37,29,28,2
4,1,1,16,0,12,29,23,1
7,3,2,18,4,0,26,39,2
4,3,2,18,4,28,29,55,0
9,3,2,9,4,41,29,31,2
21,4,2,3,4,41,29,35,1
4,3,1,18,4,10,29,20,1
32,3,1,3,4,10,29,23,0
4,3,3,18,0,39,29,29,1
4,3,2,9,4,12,25,43,1
4,3,2,9,4,12,12,20,1
8,1,1,3,4,34,29,41,1
4,4,4,11,4,12,5,29,2
4,3,3,15,0,57,28,21,0
4,3,1,9,4,12,18,8,1
3,3,1,13,4,41,29,57,1
9,3,1,18,4,40,1,12,2
10,3,2,15,4,7,29,0,2
4,3,3,9,4,12,2,23,2
6,3,1,15,0,36,28,53,0
3,3,2,15,0,1,29,30,2
4,3,1,8,0,41,26,57,0
4,3,2,9,4,34,29,36,1
2,1,1,3,0,3,16,41,1
3,3,1,15,4,12,15,55,1
7,3,1,3,4,9,29,28,1
30,4,1,15,0,29,1,57,1
9,3,1,4,4,34,29,28,1
17,3,2,15,4,38,27,41,1
33,3,3,18,4,17,29,28,2
9,3,2,18,4,41,29,57,2
4,3,2,15,4,42,14,21,0
7,3,2,9,0,34,29,1,2
0,2,3,18,4,9,20,39,1
1,2,3,0,0,57,5,55,2
3,1,1,9,4,37,29,35,1
4,3,2,18,4,53,1,57,0
5,3,1,3,4,41,28,4,1
4,3,1,9,4,12,3,23,1
1,4,2,15,4,34,29,28,1
4,2,5,9,4,0,29,30,1
4,3,1,18,4,34,30,21,1
9,3,1,3,0,53,26,18,0
1,4,2,9,4,3,29,1,2
4,0,5,18,4,59,28,9,2
7,3,2,13,4,1,29,30,2
20,3,1,8,4,41,24,29,1
19,3,1,9,0,57,20,21,1
33,3,2,18,4,23,21,30,1
0,3,3,18,4,12,29,24,2
4,4,2,16,0,41,26,57,1
7,3,1,18,4,40,29,57,2
4,3,3,9,0,29,23,7,1
7,4,3,15,0,49,29,12,2
4,3,2,9,4,0,29,57,1
4,3,3,9,0,12,13,29,2
1,2,5,16,4,41,27,47,2
33,3,1,15,4,24,29,0,1
4,3,1,18,4,28,29,55,0
4,3,1,18,4,0,29,57,1
4,3,1,13,4,39,20,50,1
3,3,1,8,4,53,29,34,1
4,3,2,9,4,33,29,39,0
7,2,5,10,4,57,19,50,2
4,3,1,18,4,33,29,39,1
4,2,5,9,4,11,29,30,2
9,4,3,9,4,0,30,24,2
4,1,1,8,4,41,29,21,0
4,4,4,9,4,0,20,40,1
4,3,1,8,4,34,29,55,1
4,2,5,13,4,23,28,45,2
9,3,1,9,4,38,14,2,2
9,2,2,9,4,0,6,57,2
4,1,1,8,4,54,27,19,1
4,3,1,15,4,26,25,24,1
4,3,2,15,4,12,29,20,1
4,4,3,18,4,38,24,1,2
8,1,1,8,4,38,7,2,1
4,2,3,9,4,39,24,55,2
4,3,1,15,4,52,12,20,1
4,3,2,10,4,37,29,3,1
7,3,1,15,4,56,29,30,2
4,3,2,9,4,37,17,47,1
4,1,1,10,4,12,18,41,1
4,1,1,18,4,38,29,41,1
7,4,3,8,4,4,29,36,2
9,2,5,10,4,10,29,42,2
9,2,3,3,4,37,7,50,2
4,3,4,15,0,55,27,21,1
4,3,1,13,4,12,29,24,1
7,3,1,3,0,56,29,41,1
4,4,1,18,0,28,29,57,0
4,3,2,8,0,54,16,50,1
7,3,3,3,4,5,29,48,1
4,3,2,15,4,14,24,53,1
4,3,1,8,0,41,24,50,0
7,2,3,10,4,41,17,47,2
4,4,5,14,4,57,29,30,1
7,1,1,3,0,41,29,57,1
4,0,15,10,4,22,24,50,2
1,3,2,16,4,52,29,20,2
1,2,8,10,4,10,2,20,2
4,3,1,13,0,19,25,18,1
20,3,1,8,4,12,29,28,2
13,3,2,8,4,37,28,18,1
10,3,1,15,0,38,28,2,1
4,3,2,18,4,0,14,29,0
4,3,5,13,4,56,23,21,1
8,3,1,15,4,1,9,47,2
4,1,1,13,4,41,29,57,1
9,3,2,10,4,3,28,57,2
4,4,2,18,4,0,28,28,1
18,3,2,15,4,38,27,41,1
4,2,3,16,4,37,29,2,2
7,3,1,9,4,0,29,30,2
2,1,1,3,0,3,16,41,1
4,3,1,18,4,3,29,41,1
9,2,2,18,4,9,12,15,2
5,3,1,18,0,12,29,20,1
4,3,1,9,4,34,26,20,1
1,3,2,9,4,12,29,20,2
4,3,3,18,0,40,29,22,1
33,3,1,3,4,35,8,50,0
4,3,3,10,4,12,9,20,1
31,2,3,6,4,9,16,28,2
7,3,2,15,4,57,11,51,2
9,2,2,9,0,21,29,52,2
4,3,2,13,4,23,29,30,0
7,3,1,9,4,57,13,5,2
9,4,1,15,4,9,9,8,1
7,3,2,9,4,21,28,30,2
4,4,1,8,4,54,29,50,1
4,3,2,4,4,41,29,55,1
9,3,2,10,4,37,27,40,2
4,3,2,8,4,39,29,20,1
4,3,2,9,4,12,29,23,1
1,3,1,3,4,53,29,57,2
4,3,5,9,4,12,14,20,2
4,4,2,16,4,66,29,45,1
7,2,2,8,0,21,27,52,2
0,2,5,9,4,38,1,41,2
4,4,3,9,4,34,28,50,1
8,3,1,13,4,56,9,57,1
4,3,2,3,4,41,3,12,0
9,3,2,9,4,57,26,50,2
1,2,5,9,0,0,29,53,2
33,3,1,18,4,35,29,24,1
4,1,1,9,4,0,20,2,0
27,3,1,8,4,41,28,4,1
0,3,4,13,4,0,26,20,2
10,4,3,15,4,41,16,30,2
9,4,3,16,4,42,29,24,2
20,0,5,8,4,0,29,28,2
9,3,2,18,4,18,27,57,2
20,3,1,9,4,39,28,18,1
4,4,2,9,4,42,21,50,1
7,4,2,8,4,37,29,30,2
4,3,1,15,0,10,25,42,1
1,1,1,8,4,54,24,57,1
8,3,1,5,4,37,27,9,2
28,3,1,15,4,38,14,2,1
20,0,2,8,4,57,29,28,2
10,3,3,9,4,1,5,4,2
4,3,5,15,4,7,28,36,1
4,3,1,9,4,54,26,57,0
0,0,5,9,4,41,29,24,2
4,3,3,9,4,42,27,30,1
4,3,2,15,0,12,18,20,2
20,3,1,8,4,12,29,28,2
4,3,2,15,0,12,29,22,1
4,1,1,8,4,40,29,57,0
32,4,2,18,0,32,25,29,1
4,2,2,18,4,53,29,43,1
4,2,2,9,4,41,22,55,2
10,2,1,8,4,34,4,30,2
7,4,3,18,4,7,29,21,2
7,3,2,18,4,37,25,48,2
7,3,2,15,4,61,29,24,2
4,3,1,18,4,42,29,20,0
0,2,4,9,4,8,4,36,2
4,3,1,9,4,24,26,20,0
4,3,2,18,4,9,29,24,2
4,3,2,9,4,53,25,20,1
9,4,2,15,0,39,29,57,2
33,3,1,13,0,38,25,2,1
4,3,1,18,0,14,29,40,0
1,4,3,15,0,0,29,30,2
7,3,1,3,4,34,29,24,1
4,3,3,9,4,10,22,20,1
20,2,3,9,4,37,21,18,2
4,2,2,9,4,9,29,28,2
4,3,1,9,0,65,21,45,1
8,3,5,18,4,21,28,30,2
10,4,5,18,4,29,29,30,2
4,3,1,18,4,0,29,50,1
20,4,3,8,4,34,29,28,2
4,3,1,15,4,11,20,23,1
7,3,1,18,4,5,29,48,2
8,4,5,18,4,24,25,30,2
7,3,1,8,4,12,4,20,2
4,0,15,10,4,58,29,22,2
7,2,2,18,4,7,29,48,2
1,3,2,15,4,24,27,12,1
4,3,1,10,4,28,19,29,1
4,4,2,9,4,41,28,55,2
4,3,1,15,0,12,29,20,1
4,3,3,4,4,41,27,30,0
4,2,5,18,4,57,29,30,1
7,4,5,9,4,50,29,30,2
7,3,2,18,4,10,18,18,2
4,3,1,8,4,18,29,18,0
4,3,1,15,4,12,20,23,2
4,1,1,8,4,13,3,22,1
4,3,2,16,4,10,29,23,2
4,2,2,18,0,37,23,49,2
9,3,2,9,4,21,29,30,2
4,3,2,18,4,12,29,45,1
0,2,5,16,4,12,9,23,2
20,3,1,9,4,39,28,18,1
33,3,1,8,4,41,16,41,1
4,3,2,8,0,39,28,30,1
4,3,3,15,4,37,27,30,0
7,2,3,15,4,61,29,22,2
7,4,7,18,0,40,2,57,2
4,1,1,9,4,56,28,50,1
32,3,1,9,4,42,29,24,1
4,3,1,18,4,29,29,48,1
8,2,5,9,4,24,29,22,2
23,1,1,9,4,38,26,41,1
13,1,3,8,0,14,24,22,1
13,3,5,18,0,21,29,21,2
7,3,1,18,4,59,29,3,1
11,3,1,3,4,62,27,53,0
4,3,1,6,4,56,29,57,0
33,3,2,18,0,41,28,57,1
7,2,2,9,4,0,12,18,2
0,3,2,9,4,12,5,20,2
4,3,1,18,4,0,26,19,1
1,3,2,9,4,39,28,11,2
0,3,1,8,4,42,28,0,1
4,1,1,8,4,13,3,22,1
4,3,1,8,4,12,4,20,1
7,4,3,15,4,28,26,12,2
3,3,1,9,4,54,30,24,2
4,3,1,15,4,23,25,50,1
3,3,1,18,0,33,25,39,1
4,4,1,16,4,12,29,29,2
0,4,1,15,4,35,30,28,1
4,3,5,18,4,41,29,30,1
4,3,3,15,4,22,29,53,1
4,3,1,18,4,56,29,53,1
9,3,2,8,4,34,13,24,1
4,3,1,9,4,40,25,50,1
9,4,2,13,4,55,28,57,2
4,3,1,15,4,55,29,47,0
4,3,1,10,4,19,26,29,1
7,2,5,9,4,57,29,48,2
1,2,5,13,4,34,29,30,2
7,2,2,15,4,39,29,41,2
7,3,1,8,0,41,4,7,2
4,3,1,10,0,17,28,18,0
1,3,1,15,4,1,22,21,1
9,3,2,9,4,37,29,31,2
4,4,2,15,4,0,29,28,1
9,3,3,18,4,66,18,48,2
4,3,1,9,4,3,29,2,1
4,3,2,8,4,40,29,23,0
4,4,5,10,4,0,23,29,2
4,1,1,18,0,22,29,4,1
23,3,1,18,4,59,29,3,1
4,4,1,18,4,37,1,55,1
1,4,3,9,4,22,29,57,2
20,4,2,8,4,12,29,28,2
9,3,2,8,4,41,7,50,1
25,3,2,13,4,38,27,41,1
4,3,3,18,4,34,29,47,1
4,3,1,18,4,37,29,18,1
7,3,1,0,4,17,29,40,2
7,3,1,15,4,0,4,5,2
4,3,1,9,4,0,28,50,0
4,2,5,9,4,37,26,18,2
4,2,5,9,4,63,19,29,2
4,2,5,9,4,57,28,9,1
33,3,3,18,4,17,29,28,2
7,3,1,8,0,41,4,7,2
4,3,1,18,4,26,28,30,1
4,3,1,9,4,54,29,22,1
4,1,1,9,4,0,29,22,1
4,2,1,9,4,4,29,51,1
0,1,1,9,4,18,29,18,1
4,4,3,18,4,28,26,57,2
4,3,3,8,4,59,13,48,1
1,1,1,3,8,65,16,37,0
4,3,2,8,4,56,21,50,0
7,3,2,4,4,26,15,3,2
4,1,1,9,4,10,27,23,1
8,3,3,15,0,7,29,21,1
4,3,1,15,4,55,29,1,1
1,3,1,15,0,41,15,44,2
4,3,1,8,4,0,29,30,0
4,3,1,18,4,37,27,35,1
1,3,1,8,4,39,19,57,2
4,0,10,9,4,37,25,29,2
4,2,3,15,4,28,29,55,1
8,3,2,15,4,28,30,15,1
9,3,2,3,4,37,21,3,2
4,3,2,8,0,61,30,21,1
4,3,1,9,4,40,29,22,1
7,3,2,15,4,22,29,20,2
33,3,2,18,4,30,29,28,1
4,3,1,3,4,41,29,50,0
7,3,1,3,4,59,29,30,2
4,3,1,8,4,42,29,39,0
4,2,1,3,4,41,29,28,0
4,3,1,9,4,56,24,55,1
7,3,1,9,4,1,29,1,2
4,2,10,10,4,10,28,18,2
4,3,2,13,4,41,20,50,1
1,3,1,9,0,0,26,29,1
9,3,3,9,4,56,4,4,2
7,3,1,8,4,39,21,40,2
4,3,2,18,4,56,29,39,1
20,4,3,8,4,0,29,28,1
25,3,1,15,4,38,14,2,1
4,2,3,9,4,37,23,20,2
4,3,2,18,4,0,29,24,1
9,3,1,9,4,0,29,45,2
4,3,1,9,4,56,25,12,1
1,1,1,18,4,35,29,51,1
7,3,5,9,4,12,29,30,2
4,3,1,9,4,12,27,28,2
4,3,2,18,4,12,29,22,2
7,3,1,15,4,12,29,20,2
4,3,1,8,4,11,29,24,0
4,3,1,9,4,34,26,20,1
4,1,1,15,2,54,29,50,0
8,4,3,9,4,22,23,30,2
4,3,1,18,4,42,21,53,1
16,3,1,3,4,35,29,47,1
4,3,2,9,4,0,29,24,1
4,3,2,18,4,37,29,0,1
7,3,1,15,4,26,29,41,1
4,3,1,8,4,56,19,53,1
4,3,2,15,0,0,25,22,0
4,3,2,4,4,41,29,24,1
4,3,3,9,4,54,29,30,1
1,3,1,8,4,54,29,28,1
17,3,2,8,4,41,25,7,1
4,4,4,15,4,4,25,57,2
4,2,6,10,4,0,26,57,2
4,2,2,16,4,9,29,9,1
7,4,2,8,4,33,29,28,1
8,4,2,15,0,39,29,57,2
4,3,4,16,3,3,5,2,2
4,3,2,15,4,12,18,41,2
7,3,2,9,4,12,29,20,2
4,4,3,9,4,0,25,45,1
4,3,3,9,4,34,29,57,1
4,1,1,18,3,9,29,28,0
10,2,1,8,4,34,4,30,2
20,0,5,8,4,0,29,28,2
4,3,7,9,4,12,4,20,2
7,4,10,18,4,41,29,42,2
32,2,7,15,0,25,2,16,2
4,3,1,9,4,35,29,20,0
4,4,5,15,4,1,28,57,1
0,3,5,9,4,12,17,20,2
1,3,1,18,4,12,29,24,2
3,2,2,15,4,34,29,34,1
4,3,1,18,4,9,29,28,0
7,4,3,18,4,57,29,22,2
4,3,2,6,4,57,3,22,2
4,2,5,9,4,29,20,45,2
4,3,3,9,4,0,21,50,1
1,4,1,9,4,10,29,57,2
33,0,5,16,4,37,29,28,2
4,3,2,18,4,56,29,18,0
4,3,2,9,4,57,27,21,1
7,3,3,9,4,55,6,23,2
13,3,2,15,4,38,27,41,0
4,4,3,15,4,4,28,30,2
8,3,3,8,4,12,16,37,2
4,3,2,9,4,26,27,57,0
4,2,5,18,4,57,29,30,1
7,3,2,3,4,41,29,28,1
16,3,5,18,4,21,12,7,2
4,3,1,3,4,56,29,50,0
8,4,2,8,0,22,29,30,2
7,3,3,15,8,59,29,21,2
7,4,2,18,4,50,29,30,2
4,1,1,8,4,1,3,22,2
4,3,1,15,4,61,29,7,1
4,3,1,9,4,0,29,48,1
1,4,2,15,4,4,29,36,2
1,3,2,15,4,4,29,21,2
3,3,1,9,4,61,7,23,2
0,4,5,9,4,41,26,29,2
3,3,1,8,0,41,29,3,1
7,4,3,10,4,59,29,30,2
7,2,3,9,4,57,29,18,2
4,3,1,15,4,19,25,18,0
0,4,2,9,4,39,26,20,2
8,3,2,15,4,39,26,29,2
6,3,1,8,4,41,16,41,1
7,3,2,16,4,21,19,29,2
9,4,1,10,4,58,29,33,2
1,2,5,9,4,7,29,48,2
6,3,2,18,4,9,27,28,1
4,4,2,9,4,41,29,22,1
9,3,2,10,4,37,29,22,2
7,3,2,9,4,12,28,18,2
4,3,1,15,0,56,15,50,1
4,3,2,9,4,12,24,41,2
4,3,3,15,0,41,23,3,1
4,3,2,3,4,0,29,24,0
7,4,3,18,4,0,29,43,2
9,0,4,9,0,42,29,40,2
4,3,1,13,4,34,29,50,1
8,3,1,8,4,41,24,29,2
4,1,1,3,4,35,29,50,1
4,4,3,16,4,37,24,4,2
4,3,2,3,4,35,22,50,1
4,3,3,18,0,7,30,21,2
9,3,1,15,4,12,29,20,2
4,3,3,18,0,0,29,17,1
7,4,5,15,4,66,2,52,2
4,2,7,9,4,12,25,29,2
9,3,2,18,4,0,28,47,1
4,4,1,10,4,57,19,29,2
0,3,1,15,4,35,21,50,1
1,3,2,18,4,41,24,21,1
9,1,1,18,4,31,27,20,1
9,3,1,3,4,9,27,28,1
9,3,2,6,4,41,16,3,1
2,3,1,16,4,41,3,1,2
4,3,3,9,4,0,27,40,1
4,4,1,15,0,2,29,30,1
7,3,2,4,0,41,29,26,2
4,1,1,3,4,3,16,41,0
4,3,3,9,4,12,30,23,2
4,4,3,15,4,28,29,1,1
9,3,1,8,4,41,16,41,2
1,2,1,3,4,9,29,28,1
7,3,3,9,4,49,23,52,2
23,1,1,9,4,38,26,41,1
4,3,2,6,4,57,3,22,2
16,2,2,6,4,9,29,28,1
4,3,1,18,4,57,28,30,1
4,3,2,13,4,51,20,18,1
20,3,5,8,4,12,29,28,2
4,2,3,9,4,28,1,55,2
7,3,1,18,4,57,30,48,2
7,3,3,1,4,33,29,39,2
8,1,1,15,4,54,29,20,1
16,3,1,15,4,12,1,20,2
7,4,3,8,0,42,29,30,2
9,4,2,18,4,41,29,50,1
7,3,1,9,4,59,29,53,2
4,3,2,9,4,41,29,30,1
4,2,3,9,4,41,18,30,1
4,3,2,9,4,10,21,23,1
9,3,3,9,4,57,21,12,2
4,2,5,15,4,39,29,24,2
4,2,3,13,4,37,10,2,1
4,3,5,9,4,0,29,30,1
7,3,3,9,4,0,29,50,2
10,2,1,8,4,34,4,30,2
0,4,5,10,4,12,29,20,2
4,4,3,10,4,0,28,11,1
4,1,1,9,4,37,23,7,1
8,3,2,15,0,28,28,18,1
4,3,1,3,4,12,30,20,1
0,4,2,18,4,54,29,30,2
4,4,2,9,4,34,26,26,1
0,4,2,9,4,39,26,20,2
8,1,1,6,0,62,19,8,1
4,3,1,8,4,41,24,29,1
4,3,1,8,0,5,6,36,0
4,3,2,9,4,38,14,2,0
4,3,2,8,0,34,12,50,1
1,4,3,18,4,0,6,36,2
4,2,5,9,4,39,28,29,2
7,3,1,18,0,42,23,24,2
8,3,2,8,0,41,29,30,2
4,3,3,13,4,41,4,36,1
27,4,3,9,4,0,28,50,2
7,4,5,15,4,14,2,52,2
32,3,1,15,4,37,29,41,0
4,2,2,3,0,41,18,28,1
13,3,2,8,4,37,28,18,1
4,3,1,9,0,37,27,50,1
4,2,2,15,0,55,30,41,1
33,3,2,16,4,35,29,28,2
11,4,3,9,4,33,28,39,1
7,3,12,10,0,33,29,39,1
1,3,1,8,4,22,29,24,1
7,3,1,8,4,41,24,0,2
27,4,2,8,4,41,1,57,1
4,2,3,10,4,39,16,20,2
9,3,1,3,4,41,29,3,1
7,3,1,15,4,37,29,41,1
1,3,3,8,4,37,29,30,1
7,2,3,15,4,37,29,24,2
31,4,1,8,0,41,29,41,1
9,3,3,13,4,41,23,57,2
10,3,1,18,0,0,29,3,1
4,3,2,3,4,42,29,24,1
3,3,2,9,4,12,7,23,1
1,3,3,13,4,26,29,30,2
4,4,4,9,4,41,29,57,1
4,0,15,10,4,5,30,29,2
1,3,1,9,4,35,29,34,2
7,2,2,15,4,41,29,41,2
4,3,2,9,0,35,29,50,1
1,3,2,9,4,4,29,30,2
1,3,2,8,4,54,29,40,1
4,3,2,15,4,22,21,50,2
8,1,1,15,4,38,7,2,1
4,1,1,8,4,35,3,22,2
9,4,2,9,4,17,28,18,2
30,0,3,13,4,41,29,47,2
1,2,5,9,4,21,29,30,2
4,3,1,9,4,18,16,29,1
4,3,2,10,4,12,29,24,2
4,3,1,8,4,0,29,51,0
9,3,2,3,4,0,29,50,1
9,3,1,3,4,42,7,50,1
27,2,4,18,4,0,29,28,2
32,3,2,15,4,38,27,41,1
3,1,1,15,4,26,29,41,1
4,3,2,8,4,9,29,28,0
7,3,1,3,4,56,29,37,1
4,3,1,18,0,41,28,55,0
4,3,1,15,4,42,29,20,1
10,3,1,1,4,33,29,39,2
25,3,1,6,0,41,29,29,1
4,1,1,8,4,42,29,23,0
0,3,1,15,4,33,5,39,2
33,4,2,13,4,42,28,47,1
4,3,1,13,4,56,29,0,1
0,3,2,8,4,39,28,5,1
4,3,2,3,4,21,26,29,2
4,2,7,9,4,39,28,30,2
9,3,1,8,4,38,28,41,1
4,3,1,18,0,9,29,28,0
4,3,2,9,4,10,21,23,1
1,0,5,9,4,37,12,15,2
4,3,1,15,4,40,8,7,0
4,3,2,16,4,0,29,28,0
25,2,5,13,4,65,29,0,2
1,3,1,6,4,42,29,46,1
4,3,1,8,0,26,14,20,1
4,3,2,15,4,10,21,23,1
1,3,1,3,4,37,29,50,1
4,3,1,9,4,54,27,10,0
4,3,1,13,3,31,28,41,1
4,2,3,10,4,37,13,57,2
4,4,4,9,4,12,14,20,2
8,1,1,6,0,41,25,3,1
2,1,1,3,0,3,16,41,1
9,3,1,9,4,10,23,18,2
4,1,1,3,0,41,29,50,0
1,1,1,18,4,41,26,41,1
7,2,6,9,4,0,21,29,2
8,3,1,8,4,41,16,41,2
4,3,1,8,4,12,4,20,1
4,3,2,9,4,37,28,23,2
9,3,2,15,4,22,28,30,2
9,3,1,15,4,42,29,41,1
4,2,5,16,4,0,19,29,2
8,3,1,18,4,61,29,30,1
4,3,2,8,4,12,2,20,1
4,2,5,9,4,39,29,29,2
4,3,2,9,4,37,23,28,2
4,3,1,3,4,9,29,28,0
0,4,2,16,4,41,29,7,2
3,1,1,15,4,12,27,20,2
4,3,3,18,4,0,19,57,1
4,4,3,9,0,60,29,30,0
8,3,1,3,4,41,29,50,1
1,3,2,6,4,34,29,3,1
4,3,1,8,4,42,29,20,0
9,3,1,15,4,12,29,23,1
4,3,1,3,4,41,29,29,1
4,0,10,10,4,37,30,29,2
4,3,1,18,4,0,4,12,1
33,3,3,18,4,38,17,24,2
4,3,3,18,0,12,26,29,2
9,3,1,8,4,54,1,8,2
4,3,1,3,0,22,16,37,1
4,3,2,13,4,12,29,20,2
1,3,2,15,4,21,29,51,1
7,3,1,15,3,53,29,50,0
7,3,4,10,4,12,29,20,2
4,4,5,18,0,59,25,57,2
4,4,3,18,4,10,29,29,2
4,4,2,15,4,7,26,21,1
4,3,3,9,4,39,29,57,1
18,3,2,15,4,38,7,2,1
4,1,1,8,2,10,26,41,0
4,3,1,9,4,41,21,57,0
4,3,1,18,4,3,29,41,1
4,3,1,18,4,42,24,57,0
4,3,1,3,4,41,29,28,0
1,3,2,9,4,10,10,30,1
4,4,3,18,4,14,29,30,0
33,3,3,18,4,55,20,30,1
13,1,1,3,3,41,29,50,0
1,3,2,9,4,0,10,30,1
7,4,2,18,0,14,29,31,2
9,3,1,8,0,12,29,20,1
3,4,1,18,4,37,29,18,2
20,4,1,9,4,9,29,28,1
7,3,3,8,0,7,29,48,2
1,2,2,18,4,55,29,30,2
7,2,5,18,4,7,25,48,2
27,3,1,8,4,41,22,47,1
4,3,2,15,4,12,29,9,1
4,3,1,18,4,9,29,57,0
4,1,1,13,4,23,28,50,1
4,2,3,18,4,31,20,18,1
4,3,3,6,4,56,28,4,1
7,3,5,15,4,22,29,12,2
33,2,5,8,4,19,29,28,2
4,2,10,9,4,12,29,20,2
20,3,1,8,4,41,24,29,1
9,3,3,15,4,0,29,24,2
4,2,4,9,4,37,8,40,2
4,2,4,9,4,0,29,21,2
4,3,1,18,4,10,29,57,2
6,4,5,10,4,57,29,30,2
9,3,2,8,4,41,7,50,1
7,4,3,18,4,37,29,28,2
0,3,1,6,0,65,27,3,1
4,3,1,18,4,51,25,22,1
1,3,1,18,4,55,29,22,1
8,0,5,15,4,7,29,36,2
0,3,4,13,4,0,26,20,2
1,3,1,9,4,26,29,48,1
4,2,10,18,0,0,29,7,2
4,4,3,10,4,37,22,37,2
16,3,1,9,0,12,28,30,2
4,3,1,3,4,30,29,40,0
7,3,2,15,4,24,29,30,2
4,1,2,6,0,18,29,18,0
9,3,1,10,0,40,23,57,2
4,3,1,9,0,57,28,53,0
0,3,1,13,4,54,29,9,1
4,3,2,9,4,34,29,48,1
4,3,2,15,4,0,29,57,1
4,3,1,9,0,14,29,5,1
4,2,3,9,4,39,28,57,2
0,4,2,9,4,35,28,51,2
4,2,5,18,4,28,29,30,2
4,3,1,18,0,1,29,57,1
1,3,1,15,4,12,29,1,2
4,3,2,15,4,0,29,50,1
4,4,3,9,4,12,2,20,2
9,3,2,9,4,4,29,21,2
9,4,5,15,4,55,16,30,2
27,4,2,8,4,0,10,57,1
33,3,1,9,4,37,29,4,2
4,3,2,15,4,39,29,4,1
4,3,2,9,4,0,23,28,1
9,3,1,8,4,56,2,28,2
2,3,2,15,4,38,27,41,1
7,3,2,15,4,12,29,20,2
9,3,2,9,4,37,29,31,2
4,1,1,13,4,24,27,7,1
9,3,1,8,4,34,29,50,2
13,3,5,9,0,57,29,21,1
1,2,2,3,4,9,29,50,2
4,3,3,9,4,1,29,24,1
4,3,4,8,4,11,1,19,0
33,4,20,10,4,61,29,30,2
7,4,2,15,4,65,29,24,2
9,3,2,3,4,61,29,30,1
7,2,3,9,4,37,29,21,2
4,3,2,18,4,0,29,57,1
4,3,1,18,2,29,22,41,0
16,3,2,15,0,22,29,30,1
4,3,3,6,4,9,29,9,0
31,3,1,9,4,37,17,47,2
9,3,2,9,4,41,22,48,2
9,3,2,9,4,37,29,31,2
4,2,3,18,4,37,24,1,2
10,2,3,9,4,42,26,30,2
13,1,1,3,4,39,20,7,0
7,3,1,16,4,10,29,20,1
7,4,2,10,0,7,29,21,1
4,3,3,9,4,4,12,50,1
13,3,1,16,4,41,3,1,1
7,2,3,9,4,1,27,30,2
2,1,1,3,0,3,16,41,1
4,3,1,6,4,62,29,53,1
4,3,2,13,4,57,21,41,0
4,3,1,9,4,50,29,28,1
4,3,1,18,4,12,1,20,2
4,2,10,10,4,12,1,20,2
4,3,1,9,4,11,18,19,1
7,3,1,3,0,0,11,20,1
7,4,5,18,4,7,29,48,2
4,1,1,8,4,35,3,22,2
0,3,2,9,0,33,26,39,1
4,3,2,8,4,37,23,19,2
1,3,1,15,4,12,29,39,1
4,3,1,5,4,12,4,20,1
4,3,3,9,4,15,29,30,1
23,2,1,18,4,37,21,18,1
4,3,1,18,0,22,20,21,0
8,3,2,13,4,57,29,24,1
4,4,3,18,4,17,24,28,2
4,3,1,18,4,12,29,23,1
4,4,2,18,4,37,6,23,2
4,3,2,15,0,12,2,20,1
4,1,1,3,4,15,21,19,0
4,3,2,9,4,0,29,30,1
4,3,3,9,4,55,28,29,2
10,2,3,9,4,42,26,30,2
4,3,2,6,4,41,29,3,1
4,1,1,3,4,55,29,24,1
8,2,3,18,4,22,29,30,2
33,3,1,13,4,19,23,18,1
7,3,2,18,4,34,29,57,2
9,3,1,15,4,41,3,1,2
20,0,5,8,4,0,29,28,2
28,3,1,16,0,22,1,45,2
2,3,1,16,4,41,3,1,2
9,3,1,9,0,10,29,18,2
7,4,1,18,4,24,29,30,2
8,3,2,8,4,0,23,12,1
4,2,3,15,4,14,26,57,1
7,3,1,18,4,14,29,24,1
20,3,3,8,4,12,29,28,1
7,3,1,15,4,33,30,39,2
3,3,1,9,4,32,9,23,2
7,2,3,10,4,24,19,30,2
33,3,3,18,4,38,17,24,2
9,3,2,15,4,38,27,41,1
4,3,1,9,4,34,29,23,1
4,0,10,10,4,58,19,29,2
4,3,1,18,4,12,29,39,1
4,2,5,10,4,37,29,57,1
13,2,1,9,0,39,19,20,2
22,3,2,15,4,38,27,41,1
1,3,1,18,4,56,27,50,1
4,3,2,13,4,9,23,28,0
27,3,1,8,4,41,21,19,2
1,3,2,18,4,53,29,18,2
20,3,2,8,4,37,27,9,1
0,3,1,9,4,12,14,20,2
11,1,1,8,3,12,29,20,0
7,3,1,15,4,39,22,57,2
7,4,2,8,4,14,29,30,2
27,2,3,18,4,48,12,30,2
4,0,5,18,4,41,29,30,2
20,4,3,8,4,0,29,28,1
25,4,2,15,4,41,16,30,2
3,3,2,18,4,26,7,23,1
4,3,10,18,0,10,27,20,2
4,3,3,3,4,41,27,7,1
9,4,2,15,0,41,29,57,2
4,3,1,13,4,19,20,18,0
4,3,2,15,4,0,20,50,1
4,1,1,4,4,37,25,55,0
4,3,3,18,4,41,14,2,2
4,4,3,18,4,12,2,20,1
11,3,1,8,4,41,21,19,2
32,2,3,18,4,41,29,18,2
9,1,1,15,4,12,29,20,2
1,3,1,3,4,15,29,57,1
4,2,5,18,4,37,24,1,2
10,2,1,8,4,34,4,30,2
4,3,3,10,4,37,21,40,1
4,4,3,15,4,7,28,24,1
4,3,1,9,0,12,29,20,0
4,4,4,9,4,12,20,50,2
4,3,1,8,4,12,5,20,1
9,4,3,15,4,41,20,57,2
20,0,5,8,4,0,29,28,2
4,3,5,9,0,29,29,15,1
7,2,5,9,0,0,19,18,2
7,4,5,18,4,22,18,3,2
27,3,2,18,4,59,21,3,1
3,3,2,9,4,0,29,28,1
4,3,1,3,4,41,29,21,1
7,3,2,13,0,47,29,30,2
31,1,1,6,0,41,25,3,1
7,4,3,9,4,37,24,28,2
4,3,2,15,4,57,12,22,1
7,3,3,9,4,33,29,39,2
4,0,10,10,4,3,30,29,2
4,3,1,13,0,54,25,5,1
4,1,1,10,4,3,18,41,1
4,3,1,15,0,10,28,20,1
4,3,1,15,4,56,29,21,1
4,3,1,15,4,28,29,55,1
0,3,1,8,4,42,28,0,1
4,3,1,18,4,56,29,24,1
33,3,2,4,0,59,29,37,1
4,2,5,9,0,11,29,53,1
9,4,1,9,4,7,29,24,2
4,0,8,18,4,29,28,45,2
4,3,1,3,4,26,2,50,1
4,3,1,18,4,10,30,39,0
4,3,1,15,4,54,29,28,1
7,3,1,8,4,56,28,7,1
0,2,3,18,4,0,29,55,2
4,3,2,6,4,41,29,3,1
9,3,2,9,4,63,29,30,2
20,3,1,8,4,41,24,29,1
4,3,3,3,4,41,27,7,1
7,2,3,13,4,37,29,30,2
7,3,1,15,0,23,29,18,2
27,3,1,8,0,11,14,24,0
4,2,5,9,4,3,25,29,2
4,3,1,3,4,9,22,50,0
4,2,5,13,4,14,26,5,2
4,4,2,15,4,37,29,50,1
9,2,2,9,0,37,8,3,2
4,2,3,15,4,57,3,57,1
1,4,2,10,4,1,29,21,2
7,4,3,9,4,21,29,52,2
7,3,3,16,0,37,29,41,2
7,3,1,15,4,38,14,2,2
4,2,5,16,4,39,29,55,2
4,3,3,9,0,0,25,5,1
7,3,2,6,0,21,20,30,2
28,4,2,16,4,46,29,45,2
7,2,3,9,4,21,15,40,2
16,3,2,9,4,10,15,20,2
9,3,1,8,0,12,29,20,1
4,2,5,15,4,1,26,8,2
10,3,1,8,4,41,24,29,2
3,3,1,15,4,26,29,24,2
7,3,1,15,4,24,29,31,2
4,3,2,15,4,21,29,51,1
4,3,1,9,4,34,29,42,0
7,3,1,15,0,34,29,51,2
9,4,2,18,4,41,29,3,1
4,1,2,18,4,33,30,39,0
4,3,2,9,4,0,22,55,1
4,3,2,8,4,22,23,30,0
4,2,5,9,4,4,29,36,1
4,3,2,3,0,36,29,57,1
4,3,1,8,4,42,14,12,1
4,3,2,18,4,42,20,57,1
1,3,8,13,0,23,26,57,2
9,2,3,9,4,22,30,42,2
0,3,2,11,4,12,4,10,2
8,3,1,15,4,26,27,30,1
4,4,1,8,0,0,29,57,1
1,3,1,8,0,24,29,4,1
1,4,3,15,4,0,29,28,2
4,3,2,18,4,0,25,12,1
8,1,1,10,4,37,3,41,2
7,4,2,9,4,54,29,50,2
0,3,2,9,0,41,30,22,1
4,3,1,16,0,53,29,8,0
8,3,2,13,4,42,7,30,2
33,3,1,13,0,38,25,2,1
4,3,1,18,4,14,20,18,1
4,2,5,9,4,63,25,29,2
0,3,1,8,4,37,21,43,1
33,3,3,18,4,21,2,30,1
7,3,3,3,4,41,28,57,2
4,3,2,15,0,0,23,23,1
4,3,5,13,4,14,29,29,1
7,3,2,6,4,41,29,57,2
8,2,1,9,4,17,29,50,2
1,3,1,3,4,56,21,57,1
0,4,3,15,4,23,28,34,1
4,3,2,9,4,33,29,39,1
7,4,2,15,0,37,29,50,2
4,3,1,6,4,59,18,3,0
17,3,1,8,4,41,16,41,1
1,3,5,8,4,59,28,30,2
1,3,2,15,4,22,16,57,1
4,3,1,18,4,36,28,7,1
7,3,1,9,4,10,25,57,1
1,3,3,15,4,0,29,57,1
0,3,3,8,4,12,5,20,2
13,3,5,9,4,59,13,0,1
4,4,1,6,4,8,29,28,0
4,4,3,18,4,41,29,50,1
0,3,1,8,4,13,12,48,0
4,3,1,9,4,1,29,24,1
4,4,3,18,4,0,29,30,1
7,4,5,15,0,59,29,30,2
4,3,1,9,4,10,8,20,2
4,3,2,15,4,56,28,39,1
4,3,1,13,4,41,29,50,1
9,3,2,18,4,54,21,24,2
4,2,2,11,4,34,15,50,1
4,3,3,15,4,7,28,21,1
4,3,2,6,4,21,25,0,1
31,3,2,15,4,38,27,41,1
4,3,1,6,4,8,29,56,0
4,2,5,9,4,66,27,29,2
4,3,1,15,4,53,29,24,1
7,3,1,18,0,56,29,18,1
0,3,1,15,4,33,5,39,2
8,1,1,15,0,41,27,28,2
4,3,3,9,4,12,29,20,1
4,3,2,16,4,12,8,23,2
20,3,1,9,4,39,28,18,1
7,3,1,9,4,57,29,47,2
7,3,1,13,4,37,29,57,1
9,3,2,9,4,1,8,7,2
4,3,1,11,0,37,22,23,1
4,2,5,9,4,41,29,30,2
28,4,2,9,4,14,29,57,2
7,3,1,15,4,39,22,57,2
9,3,3,16,0,12,15,29,2
1,3,2,9,4,28,27,30,2
4,3,1,6,0,39,29,22,0
7,3,2,15,0,22,28,47,1
4,3,1,9,4,3,29,41,2
33,2,5,8,4,19,29,28,2
7,2,5,11,4,28,29,46,2
4,2,3,9,4,41,18,30,1
4,3,1,15,4,61,17,42,0
3,4,2,3,0,41,29,30,2
4,3,1,15,4,12,29,22,1
8,1,1,18,4,9,29,28,1
9,3,1,8,4,41,24,29,2
9,3,1,13,4,37,7,50,2
0,3,2,11,4,12,4,10,2
0,3,2,10,4,12,18,19,2
9,3,2,8,4,40,21,12,2
8,1,1,13,0,18,25,5,1
4,3,1,9,4,12,29,38,1
32,4,2,15,4,14,27,30,2
8,4,4,16,4,42,16,41,2
7,2,5,9,0,4,21,39,2
33,3,3,18,4,17,29,28,2
4,2,1,11,4,39,30,18,2
4,4,1,18,4,9,29,50,0
4,4,2,9,4,12,29,22,2
4,3,2,9,4,28,29,24,1
4,1,1,3,3,15,29,48,0
3,3,1,9,4,54,29,22,2
9,3,1,8,4,41,16,41,2
10,3,1,15,0,38,28,2,1
0,1,1,8,4,3,16,41,1
1,1,1,15,4,54,29,50,1
4,3,3,18,4,37,29,57,2
7,3,1,8,4,41,29,50,1
0,3,1,0,4,19,3,18,1
27,3,1,3,4,41,29,29,1
1,3,2,15,4,56,27,30,1
7,4,1,9,4,37,23,3,2
4,1,1,15,4,44,28,18,1
7,3,1,6,4,8,29,56,1
4,2,3,13,4,35,1,40,2
2,3,1,16,4,41,3,1,2
4,3,1,9,0,54,28,22,1
4,4,2,15,4,10,26,18,1
1,3,1,8,4,42,29,30,1
1,3,2,18,0,14,21,9,1
4,2,5,9,4,37,23,7,2
4,4,2,16,4,8,19,29,1
4,3,1,8,4,54,28,3,0
4,3,1,18,4,41,30,50,0
4,3,2,8,4,41,29,28,0
4,4,2,18,4,12,22,47,1
0,3,1,15,4,54,30,34,1
4,3,3,15,4,54,13,28,0
4,2,5,10,4,0,28,7,2
33,3,2,15,4,41,28,7,1
4,2,3,10,4,25,20,16,2
33,1,1,15,4,0,26,19,1
9,3,2,4,4,7,29,21,2
32,3,1,8,4,37,29,30,1
4,3,1,18,4,10,29,53,0
4,1,1,13,4,19,27,18,0
4,3,2,10,4,57,21,50,1
4,3,3,9,4,53,27,22,1
20,3,5,8,4,12,29,28,2
4,3,2,9,4,12,1,20,2
4,2,3,10,4,37,29,31,2
4,2,6,11,4,28,29,29,2
4,3,2,4,4,56,29,18,1
4,3,3,9,4,39,29,30,1
33,3,1,8,4,56,8,12,1
4,2,5,9,4,3,29,20,2
0,3,1,6,0,41,19,30,1
4,2,3,9,4,14,28,45,2
9,1,1,3,4,41,21,41,1
32,1,1,3,4,41,29,57,1
4,3,3,16,0,12,15,29,2
4,3,2,15,4,0,29,44,1
4,3,1,9,0,57,28,53,0
1,0,5,9,4,37,12,15,2
8,2,3,9,4,56,29,3,2
33,0,1,8,4,58,29,28,2
4,3,1,6,4,56,29,51,0
0,3,1,9,4,12,5,20,2
9,3,2,3,4,15,29,30,2
4,1,1,9,4,38,26,41,1
3,4,1,15,4,57,29,34,1
4,4,5,9,4,1,29,48,2
4,1,1,8,2,34,13,50,0
11,1,1,8,4,41,29,28,0
0,3,1,15,4,41,29,57,1
4,4,5,15,4,0,29,57,2
20,4,3,8,4,0,29,28,1
4,4,2,16,4,66,29,45,1
7,3,1,8,4,41,24,0,2
7,3,2,16,0,37,29,57,2
25,2,3,9,4,21,29,0,2
4,3,2,9,4,13,26,29,2
7,3,2,15,4,12,29,17,2
7,2,1,10,0,17,29,18,2
7,1,1,9,4,39,3,41,2
10,3,1,15,0,38,28,2,1
7,3,2,16,4,59,5,29,2
1,2,2,9,4,41,26,22,2
4,3,2,9,4,57,29,22,1
4,4,5,9,4,5,8,48,1
9,4,2,15,4,14,29,24,2
4,3,1,8,4,41,24,29,1
4,4,7,9,4,10,30,23,2
1,1,1,18,4,1,29,1,1
4,3,1,15,4,18,20,18,1
4,4,3,18,4,41,28,28,1
10,3,1,8,3,34,4,30,1
4,2,5,9,4,57,29,29,2
32,3,1,9,4,41,25,7,1
4,3,2,18,4,14,29,21,2
7,2,10,9,4,59,29,30,2
33,3,2,16,4,35,29,28,2
27,3,1,8,3,3,23,41,2
9,3,1,9,4,54,7,50,1
4,3,2,18,0,42,29,50,0
4,3,1,3,4,41,29,50,0
33,3,1,18,4,12,29,24,2
4,3,1,15,4,19,19,40,1
4,3,2,13,4,28,29,3,1
31,4,4,16,4,42,16,41,2
9,3,1,18,4,12,27,40,2
4,4,5,9,4,35,29,18,1
4,3,1,8,0,34,29,57,1
4,3,2,13,4,41,29,30,1
4,3,2,10,4,22,26,50,1
4,3,10,9,4,7,27,23,2
4,3,2,15,4,42,14,21,0
15,4,3,13,4,7,29,0,2
10,3,1,3,4,39,20,7,0
0,3,4,13,4,0,26,20,2
4,4,5,9,4,61,30,21,1
7,4,3,10,4,18,27,47,2
8,4,2,18,4,21,29,0,1
4,2,12,9,4,61,25,29,2
9,3,2,9,4,0,29,30,2
19,3,3,3,4,39,23,22,1
4,4,2,9,4,37,21,50,1
20,4,2,8,4,12,29,28,2
4,3,1,8,4,36,16,50,0
4,3,2,15,4,19,25,18,1
4,0,10,10,4,2,29,29,2
4,4,2,4,4,9,22,28,0
4,3,1,3,4,42,29,47,1
4,2,1,18,4,5,30,48,1
4,2,3,18,4,41,13,57,2
4,1,1,9,4,12,27,23,1
8,3,1,8,4,26,12,20,1
0,3,2,15,4,39,28,7,2
11,3,5,16,4,13,29,45,2
9,3,1,15,4,41,3,1,2
9,3,1,6,0,41,9,28,1
17,4,2,8,4,9,24,28,1
4,3,1,18,4,34,29,28,1
4,3,2,16,4,12,29,29,2
10,3,1,3,4,3,29,29,1
4,3,3,15,4,7,22,21,1
4,3,3,9,4,54,10,20,1
4,3,1,9,4,26,24,41,1
7,3,3,3,4,41,21,3,2
6,1,1,9,4,37,16,2,1
7,4,3,18,4,7,29,21,2
4,2,5,16,4,10,19,29,2
9,3,2,9,4,23,29,57,2
28,3,1,9,4,0,19,24,1
9,3,1,15,4,41,29,30,1
4,3,3,10,4,10,29,19,1
0,3,1,18,3,32,29,39,0
4,3,1,9,4,12,17,20,1
4,3,1,15,4,12,4,20,1
4,3,2,15,4,40,29,21,1
4,3,1,18,4,44,30,50,1
7,2,5,18,4,52,4,29,2
4,3,1,9,4,0,29,20,1
7,3,3,15,4,1,30,21,2
8,3,1,15,4,10,29,53,1
4,1,1,6,4,14,29,33,0
4,3,3,15,4,10,18,20,1
7,3,1,9,4,33,28,39,2
9,1,1,8,4,41,29,50,2
1,3,1,18,4,33,29,30,1
9,2,5,18,4,41,29,30,2
1,3,1,8,4,26,10,40,1
4,3,2,15,0,56,29,30,1
4,3,2,9,4,12,29,23,2
4,3,2,4,4,54,29,24,0
9,3,3,18,4,4,15,15,2
1,3,1,9,4,57,5,30,1
6,3,1,18,4,59,29,50,2
4,3,1,15,4,10,26,8,1
9,3,1,9,0,57,28,57,2
13,3,2,18,0,41,26,43,1
4,3,1,9,4,4,29,36,0
9,4,2,9,4,23,15,28,2
1,3,2,15,4,7,22,21,2
7,3,2,9,4,61,13,20,2
10,1,1,9,4,38,26,41,2
33,2,2,18,4,59,28,48,2
4,3,2,3,0,41,16,21,1
1,2,5,13,4,34,29,30,2
17,3,1,4,3,9,29,28,0
4,3,1,8,4,39,28,7,1
8,2,3,18,4,22,29,52,2
4,1,1,9,4,12,29,57,0
9,3,1,4,4,41,7,50,1
33,1,1,9,4,37,16,2,1
4,2,1,9,4,54,29,30,1
9,4,2,18,4,1,29,22,2
4,4,2,18,0,0,29,30,1
4,2,2,13,4,41,14,50,2
4,3,2,15,4,57,14,42,1
4,2,3,9,4,28,24,55,2
7,3,2,18,4,54,29,57,2
4,3,2,18,4,34,7,18,1
4,4,2,9,0,55,20,30,1
9,3,2,15,4,0,2,12,1
25,3,1,3,4,15,29,28,0
4,3,3,9,4,28,28,55,1
7,3,5,9,4,54,28,50,2
9,4,3,9,4,21,14,30,2
33,2,3,9,4,28,24,55,2
9,3,4,9,4,38,14,2,2
4,3,2,18,4,12,24,20,2
7,1,1,6,4,53,29,24,1
4,3,1,8,0,41,26,57,0
27,3,1,18,0,35,21,50,1
4,2,3,10,4,41,13,57,2
4,3,1,9,4,32,28,39,1
4,0,5,9,4,12,29,28,2
4,3,2,8,4,41,29,30,1
25,3,1,15,4,38,14,2,1
10,3,1,3,4,3,29,29,1
4,3,1,9,4,54,12,36,1
4,3,1,3,4,15,27,57,0
13,4,5,9,4,37,26,29,2
9,3,1,9,4,14,29,24,1
4,3,1,9,4,56,29,57,1
21,2,3,9,4,37,20,18,1
4,2,10,10,4,57,29,46,2
9,4,3,15,4,7,29,57,2
4,2,1,9,4,9,29,28,0
4,3,2,15,4,57,16,50,0
4,1,1,6,4,34,29,50,0
8,2,3,18,4,21,29,30,2
4,3,1,15,4,37,28,36,1
7,3,2,3,4,21,29,30,2
10,3,1,3,4,3,29,29,1
16,3,1,2,4,33,29,39,2
33,3,3,18,4,17,29,28,2
4,3,1,15,4,57,2,23,1
1,3,2,10,4,12,29,11,2
4,3,1,15,4,53,29,24,1
4,3,1,9,4,0,4,20,1
4,3,2,10,4,10,20,29,1
2,4,1,9,4,56,24,30,2
28,3,1,8,4,41,16,41,1
1,3,2,16,4,12,2,20,2
33,2,5,10,4,1,29,30,2
1,3,1,3,4,56,29,57,0
33,4,3,13,4,37,29,28,1
9,3,2,3,0,41,12,28,1
1,3,1,9,4,12,1,11,1
7,4,3,10,4,39,19,29,2
4,3,1,8,3,41,29,51,0
4,3,1,9,4,34,29,47,1
4,3,3,9,4,0,24,2,2
4,2,1,9,4,42,29,39,1
4,3,1,9,4,37,25,50,1
0,3,1,3,4,9,29,29,1
4,2,3,8,4,23,29,57,2
1,3,3,18,4,56,29,24,1
11,3,1,3,4,62,27,53,0
27,3,1,15,0,37,13,36,1
8,2,8,15,0,21,29,30,2
33,3,2,18,4,30,29,28,1
4,3,1,15,4,54,7,19,1
4,3,2,18,4,56,29,24,1
1,3,1,15,4,53,3,12,1
4,3,2,15,0,41,26,39,0
4,1,1,6,4,10,29,57,1
4,3,2,18,4,11,29,55,1
4,3,1,11,4,57,5,29,2
1,4,5,8,4,28,7,37,2
4,1,1,10,4,26,18,41,1
1,4,2,9,4,0,28,41,2
1,3,2,14,4,10,29,24,1
9,3,1,15,4,0,29,57,2
1,3,1,3,4,41,29,24,1
0,2,2,15,4,37,29,50,2
4,3,1,13,4,10,29,20,1
7,3,5,18,4,9,16,28,2
0,3,3,15,4,12,9,23,2
0,3,1,9,4,12,29,6,1
4,3,1,8,4,56,29,51,0
4,3,1,6,4,22,29,9,0
9,3,3,9,0,56,29,57,1
9,3,3,16,4,33,6,39,2
4,3,1,18,0,12,14,20,1
7,3,1,9,4,39,29,57,2
7,4,5,3,4,21,29,52,2
7,3,12,10,0,33,29,39,1
4,3,1,8,4,41,29,29,0
4,3,2,15,4,57,3,57,1
11,4,2,18,4,37,23,22,2
1,2,3,9,4,0,23,48,2
4,4,2,3,4,59,29,30,2
4,4,1,9,4,56,29,48,1
4,3,1,15,4,21,29,30,0
4,3,1,6,4,10,29,43,1
4,4,2,13,4,0,12,7,1
9,4,2,9,4,33,29,30,2
4,2,3,9,4,34,24,40,2
4,2,2,9,4,36,13,34,2
4,3,1,9,4,34,29,50,1
4,1,1,9,4,10,29,18,1
4,4,5,18,4,28,21,55,1
4,4,4,15,4,1,22,22,2
20,0,5,8,4,57,29,28,2
7,3,2,15,4,24,29,30,2
4,1,1,3,0,9,29,28,0
1,3,5,10,4,31,29,47,2
3,3,2,9,4,12,25,20,2
4,3,2,9,4,12,28,24,2
1,3,1,6,4,14,29,57,1
20,3,3,8,4,12,29,28,1
20,3,5,8,4,12,29,28,2
7,3,2,13,4,47,30,24,2
16,2,5,10,4,5,29,48,2
4,3,2,18,4,41,29,31,1
4,3,2,15,4,38,27,41,0
4,3,1,9,0,57,22,48,0
7,4,3,15,4,41,27,3,1
4,3,3,18,4,0,29,31,1
1,3,2,15,4,35,28,28,2
1,1,1,3,0,41,28,50,1
7,3,3,10,4,14,24,50,2
20,0,3,9,4,9,29,28,2
4,3,1,9,4,39,28,55,2
4,3,1,18,4,41,29,28,0
23,3,1,18,4,59,29,3,1
1,3,1,6,0,24,23,30,1
7,4,5,16,0,56,14,48,2
4,3,1,3,0,35,29,7,0
4,4,3,9,4,52,29,50,2
7,3,2,8,0,28,29,55,2
7,3,1,18,4,12,4,20,2
4,3,1,9,4,12,19,23,1
9,3,1,18,4,52,29,34,1
7,3,3,9,4,0,30,21,2
4,2,10,18,4,28,28,50,2
4,3,2,18,4,12,29,24,1
16,1,1,3,0,9,26,29,1
4,1,1,8,4,13,3,22,1
4,3,1,18,4,22,30,30,1
4,3,1,9,4,0,7,17,1
10,3,2,15,4,7,29,0,2
7,2,5,16,4,24,19,29,2
4,3,3,18,4,10,29,53,1
1,3,3,8,4,41,28,30,2
7,3,1,15,0,10,29,41,2
1,3,1,15,4,34,6,28,1
4,3,1,8,4,42,16,41,0
33,4,2,18,4,21,1,47,2
9,3,2,9,4,62,7,18,2
4,3,1,15,4,56,7,53,1
7,3,3,18,0,0,29,30,2
4,2,10,10,4,39,19,29,2
7,1,2,13,4,0,21,28,2
9,1,1,18,0,3,28,29,1
9,3,3,9,4,12,28,57,2
10,3,1,8,3,34,4,30,1
1,3,2,15,4,13,29,57,2
4,1,1,9,4,0,16,2,1
27,4,3,9,4,55,29,46,1
4,3,2,16,0,12,12,22,2
9,2,1,18,4,61,29,30,2
4,0,15,10,4,39,29,22,2
4,2,1,8,4,37,29,28,1
4,3,1,8,4,12,16,20,1
33,3,1,4,4,56,29,30,1
4,3,1,6,4,21,29,57,1
4,3,1,18,0,49,25,29,1
4,4,5,9,0,57,29,28,1
9,3,2,16,4,0,19,29,2
4,2,4,9,4,10,2,23,2
9,3,1,8,4,54,29,30,1
4,3,1,9,4,12,14,20,1
1,1,1,9,4,37,16,2,2
4,3,2,9,4,57,29,30,1
7,3,1,9,4,5,29,50,2
4,3,2,15,4,54,15,30,1
4,3,3,3,0,15,29,30,0
4,3,1,3,0,9,29,28,0
4,3,1,15,4,41,28,18,1
7,3,1,8,4,37,26,22,2
7,2,5,9,4,37,28,31,2
4,4,3,15,4,36,26,30,1
4,3,1,4,4,41,29,7,1
4,2,3,15,4,41,26,24,2
22,3,1,9,4,18,29,5,1
4,3,1,18,0,26,25,29,1
7,3,2,16,4,13,19,29,2
4,4,2,9,0,34,29,8,1
4,4,5,13,4,7,29,21,1
4,1,1,9,2,24,21,18,1
7,3,2,8,4,0,29,57,2
4,3,2,9,4,37,17,47,1
2,3,1,9,0,42,29,29,2
4,1,2,18,4,10,26,23,2
4,3,2,15,4,19,29,18,0
9,3,1,15,4,0,7,53,2
0,2,3,9,4,22,29,50,2
1,3,2,3,4,9,29,28,0
7,3,2,15,0,12,29,11,2
7,3,2,18,4,19,29,5,1
7,3,3,18,4,12,15,30,2
7,2,3,8,0,37,29,55,2
33,2,3,18,4,21,29,30,2
1,2,3,18,4,37,29,51,1
4,3,3,6,4,9,29,28,0
4,3,5,10,4,12,18,20,2
7,3,2,15,4,38,27,41,1
25,2,5,13,4,65,29,0,2
4,3,3,9,0,34,29,8,1
33,3,2,16,4,35,29,28,2
4,4,3,3,4,0,29,24,1
4,2,5,9,4,21,27,52,2
4,3,1,3,0,9,18,28,0
4,3,1,9,4,12,29,20,1
20,0,5,8,4,57,29,28,2
1,4,3,18,4,21,30,30,2
8,2,5,9,4,24,15,30,2
8,3,2,15,4,38,27,41,1
4,2,5,10,4,37,25,29,2
27,3,3,9,4,48,29,46,2
4,2,3,10,4,2,29,30,2
4,2,3,13,4,39,28,28,2
9,3,2,15,0,9,28,57,2
7,2,5,10,4,57,19,29,2
7,3,2,9,4,38,14,2,2
4,3,1,18,4,23,29,40,1
9,3,2,9,4,57,29,28,1
7,3,2,16,4,39,19,29,2
22,2,7,10,4,41,24,50,2
4,4,3,13,4,9,27,52,1
4,2,5,18,4,34,29,30,2
20,3,5,8,4,12,29,28,2
7,3,1,18,4,9,29,57,1
0,2,3,9,4,12,27,20,2
4,4,3,9,4,12,29,23,2
20,0,5,8,4,57,29,28,2
4,3,1,18,4,54,29,19,0
10,4,4,15,0,7,23,29,2
4,2,2,18,4,38,23,2,1
4,3,1,9,4,12,3,23,1
7,4,3,9,4,28,23,55,2
4,2,4,16,0,39,25,20,2
0,1,1,8,4,38,7,2,1
1,3,1,15,0,24,28,28,2
4,3,2,9,4,1,21,57,1
9,3,2,18,4,37,29,22,2
0,1,1,6,4,39,20,7,0
1,3,1,15,4,0,10,50,2
1,3,1,3,4,28,29,57,1
4,3,1,9,4,0,27,28,0
9,2,2,13,4,9,29,28,2
7,3,3,9,4,28,29,30,2
4,3,3,9,4,57,22,57,1
4,3,2,15,4,10,21,23,1
33,4,3,9,4,39,29,18,2
4,3,1,18,4,41,5,53,1
4,4,3,15,4,0,22,21,2
13,4,1,15,4,21,18,30,2
21,2,3,9,0,57,11,48,2
27,3,2,15,4,34,1,24,0
9,3,2,15,4,35,29,21,2
4,3,1,9,4,0,29,57,1
9,3,1,15,4,66,29,47,2
1,4,5,18,4,21,29,30,2
18,3,1,9,0,0,20,21,1
3,3,1,15,4,26,17,29,1
4,4,5,9,4,29,29,22,2
4,3,3,18,4,4,25,51,1
1,3,3,9,4,10,25,30,2
4,3,2,9,4,0,27,21,1
0,3,1,3,4,9,29,29,1
9,3,1,9,4,20,7,8,2
4,3,3,13,4,37,29,36,1
0,2,3,9,4,55,29,44,2
4,4,3,18,4,38,24,1,2
32,4,2,15,0,41,12,50,1
4,3,2,9,0,2,19,57,2
9,3,3,9,4,10,23,30,2
4,3,2,15,4,39,20,57,1
23,3,1,18,8,37,29,23,1
1,4,3,18,0,0,29,1,2
7,3,2,18,4,29,29,48,2
4,3,1,10,4,34,16,28,1
0,3,1,8,4,39,21,40,1
7,3,3,9,4,33,29,39,2
4,0,5,11,4,39,5,29,2
16,3,1,15,4,33,29,39,1
3,4,2,4,0,23,29,30,1
20,0,5,8,4,0,29,28,2
4,3,2,8,4,37,29,12,0
8,4,1,15,4,9,29,28,1
4,1,1,6,3,37,23,53,0
22,4,2,15,4,8,9,8,1
9,2,1,18,4,39,29,28,2
1,1,1,18,4,41,29,24,0
4,3,2,18,4,12,29,24,2
4,4,2,18,0,42,29,48,0
1,4,2,9,4,41,14,50,2
1,3,1,9,4,4,30,36,2
4,3,2,15,4,54,4,11,1
4,3,2,9,4,55,29,30,1
1,3,1,9,4,37,26,22,2
4,4,3,15,4,0,21,30,1
4,2,3,15,4,41,20,18,1
15,3,1,18,4,54,29,28,1
4,3,3,16,4,38,1,2,2
7,1,1,15,4,54,18,52,2
4,2,6,9,4,2,29,30,2
0,3,1,9,4,12,5,20,2
4,3,1,9,4,12,28,43,1
27,3,2,9,0,0,17,12,1
9,4,2,9,4,12,29,30,2
4,3,1,18,0,12,14,20,1
27,3,1,15,4,56,29,3,1
4,2,5,10,4,37,13,39,2
4,3,1,9,4,39,29,30,1
9,2,5,15,4,9,29,28,2
7,3,1,3,0,10,3,20,1
33,3,3,9,4,64,25,0,2
10,3,1,15,0,38,28,2,1
7,4,1,4,4,65,29,50,2
4,2,2,9,4,38,22,41,2
4,4,2,3,4,41,14,50,1
4,3,2,15,0,56,29,30,1
1,4,2,15,0,41,26,24,2
11,1,1,3,4,41,20,7,0
7,3,5,9,4,12,28,30,2
1,3,1,18,4,56,29,30,1
20,3,1,8,4,12,29,28,2
4,3,1,15,4,3,18,41,0
33,3,1,15,0,38,29,2,1
7,3,2,8,4,7,26,50,2
33,4,4,9,4,7,30,48,1
4,4,2,13,0,42,29,28,1
20,4,1,9,4,9,29,28,1
4,3,1,8,4,3,29,41,0
4,3,2,16,4,54,18,35,1
4,3,1,9,0,12,26,20,1
32,4,4,15,0,21,29,30,2
4,3,1,18,4,9,29,28,0
33,3,2,3,4,9,29,24,0
32,3,2,8,4,30,29,40,0
4,4,3,9,4,39,29,47,1
0,3,1,8,4,41,24,29,1
9,3,1,15,4,0,23,39,1
4,2,2,10,4,0,21,0,2
4,3,1,9,4,34,29,51,1
1,3,1,9,4,42,28,20,1
1,3,3,18,4,37,29,57,1
4,4,5,9,4,4,28,50,2
1,3,3,8,0,22,29,30,1
9,3,2,9,4,4,29,21,2
8,3,1,8,4,41,16,41,2
15,3,2,15,4,12,23,30,1
4,1,1,18,2,41,24,43,0
20,3,2,10,4,38,7,2,2
1,3,2,15,4,37,23,30,2
9,3,1,9,4,1,29,30,1
1,3,1,8,4,41,12,39,2
4,3,4,9,0,12,28,23,2
0,3,1,8,4,37,21,43,1
1,3,1,8,4,41,29,3,1
9,2,3,9,0,37,12,7,2
19,3,2,15,4,38,27,41,1
1,2,3,18,4,0,28,30,2
33,3,2,16,4,35,29,28,2
4,3,2,8,4,47,27,11,1
4,3,1,8,0,42,22,41,0
4,4,1,9,4,18,19,5,1
4,3,1,15,4,12,7,20,1
20,0,2,8,4,57,29,28,2
4,3,1,9,0,12,29,20,1
20,4,3,8,4,0,29,28,1
17,3,2,13,4,26,29,55,1
4,4,1,18,4,14,29,28,1
9,4,1,4,4,37,29,57,2
9,3,1,18,4,54,28,48,1
4,3,3,9,4,0,27,30,1
4,3,1,8,4,54,16,50,0
4,1,1,18,4,1,29,50,0
4,3,1,15,4,35,23,50,0
7,3,1,15,4,7,23,21,2
4,4,1,9,4,42,29,57,1
4,3,2,9,4,57,29,28,0
4,3,1,3,4,9,25,28,0
4,4,2,13,4,41,29,19,1
4,4,2,9,4,40,29,30,1
28,3,2,15,4,38,27,41,1
4,3,3,9,4,4,2,36,1
0,2,5,9,4,38,1,41,2
27,3,1,13,0,12,29,20,1
7,3,2,15,0,22,28,47,1
8,3,4,8,4,39,7,12,2
4,3,1,18,4,56,29,57,1
4,4,5,10,0,59,28,21,2
13,4,5,3,4,65,29,21,2
4,1,2,9,4,33,30,39,0
1,4,1,15,4,39,29,26,2
7,4,2,3,4,22,29,47,2
10,3,2,15,4,7,29,0,2
1,3,5,13,4,62,29,57,2
4,3,2,18,4,55,9,22,1
7,3,1,3,4,3,11,6,1
8,3,1,8,4,41,16,41,2
7,3,1,15,4,56,7,53,2
4,3,1,8,4,0,29,30,0
4,3,2,8,4,39,29,20,1
20,4,3,8,4,0,29,28,1
7,3,2,18,4,21,29,39,2
7,2,3,18,4,12,18,22,2
33,2,5,8,4,19,29,28,2
4,2,10,10,4,37,29,30,2
7,3,1,18,0,42,23,24,2
20,4,1,9,4,9,29,28,1
18,3,4,9,4,38,14,2,1
7,3,1,18,4,56,29,39,1
1,4,3,9,4,37,28,28,2
1,3,2,10,4,33,27,39,1
4,3,1,10,4,10,20,29,1
1,3,1,8,4,42,29,30,1
4,2,2,4,4,12,29,20,2
4,4,2,4,4,41,29,50,1
1,3,1,9,4,12,29,22,1
9,4,1,9,4,41,8,50,1
4,2,5,15,4,37,26,29,1
33,2,5,16,4,41,7,20,2
4,4,2,15,4,57,18,35,1
7,3,2,13,4,1,29,30,2
0,3,2,15,4,12,26,20,2
9,1,1,9,3,37,29,46,1
4,3,2,9,4,34,29,44,1
1,3,3,15,8,22,29,0,2
4,3,1,9,4,4,29,23,1
4,3,1,8,4,9,27,28,2
4,3,2,16,4,34,18,35,1
13,3,1,16,4,41,3,1,1
23,1,1,15,4,38,7,2,0
4,1,1,15,4,4,29,30,0
4,3,2,13,4,40,29,12,1
1,3,3,8,4,41,28,30,2
4,4,5,15,4,37,28,50,1
9,3,3,13,4,34,29,57,2
4,2,10,10,4,1,30,29,2
4,4,2,15,4,0,12,8,1
0,3,2,9,4,19,29,40,2
1,2,5,0,0,41,5,55,2
7,4,4,4,4,7,21,48,2
4,4,2,9,4,1,20,16,1
4,4,3,9,4,55,24,12,2
4,2,2,16,4,3,9,2,2
3,3,1,8,0,41,29,34,1
9,3,2,15,0,41,9,21,2
33,3,3,9,4,1,29,28,1
1,3,2,9,4,24,20,53,2
9,3,1,15,4,63,29,57,2
9,4,5,9,4,41,21,29,2
1,3,3,18,0,12,29,31,2
4,4,5,10,0,22,27,4,2
4,3,1,18,4,41,26,20,0
9,2,3,9,4,35,29,30,2
1,1,1,15,0,50,29,30,1
4,3,1,13,4,41,29,7,1
9,2,1,15,4,57,29,55,2
9,3,1,9,4,12,29,1,2
4,3,5,18,0,37,23,42,1
1,2,10,18,0,10,29,29,2
7,4,3,15,4,24,21,29,2
1,3,1,18,4,34,5,30,1
9,4,7,9,4,0,4,51,2
4,4,1,15,0,26,14,20,1
7,3,2,16,4,39,19,29,2
26,3,2,8,0,61,29,30,1
4,4,2,9,4,41,24,50,1
4,3,3,16,4,40,19,29,2
1,2,5,9,4,2,29,30,2
4,4,3,9,4,34,29,30,1
11,3,1,15,4,10,29,55,1
7,4,7,16,4,59,19,29,2
20,4,1,9,4,9,29,28,1
8,2,5,10,4,1,15,30,2
9,4,2,9,0,57,9,57,2
7,3,2,18,4,33,29,39,2
4,3,1,4,4,42,29,55,1
4,2,3,18,4,0,1,40,2
7,3,2,9,4,12,29,24,2
7,3,2,4,4,54,29,34,2
9,2,3,10,4,0,12,31,2
1,2,7,9,0,57,29,29,2
4,3,2,9,4,33,11,39,1
8,3,1,15,4,26,17,29,1
4,4,3,9,4,12,2,20,2
4,3,1,9,4,1,23,47,1
7,4,1,15,4,41,18,36,2
7,4,4,9,4,7,26,21,2
1,2,2,9,4,21,29,30,2
4,3,5,18,4,41,29,30,1
4,4,5,9,4,12,4,29,2
3,3,2,15,4,39,6,39,2
4,1,1,8,0,54,21,22,0
7,4,2,15,4,0,14,30,2
8,3,1,9,4,12,6,23,2
4,4,4,9,4,12,26,53,2
6,3,1,3,4,41,17,47,0
4,3,2,13,4,41,20,18,1
4,3,1,9,4,34,29,39,1
1,4,3,15,4,41,1,50,2
3,3,3,9,4,12,13,20,2
0,2,5,9,4,38,1,41,2
4,3,3,9,4,36,26,50,1
4,4,3,10,0,22,28,28,1
4,3,2,15,4,22,29,57,1
4,3,4,18,4,57,11,13,1
0,3,2,11,4,12,4,10,2
9,3,10,18,4,59,29,37,2
20,0,5,8,4,0,29,28,2
1,3,1,3,0,7,29,21,1
4,3,3,3,4,41,27,7,1
4,4,3,9,4,10,25,29,2
9,3,2,10,4,12,29,20,2
1,3,1,18,4,4,1,21,2
1,4,1,18,4,41,29,30,1
4,4,2,10,4,35,29,18,2
4,3,1,3,4,14,1,40,0
4,3,3,13,4,28,29,35,1
30,3,2,13,4,38,27,41,1
4,2,3,16,4,3,23,2,2
27,4,2,15,4,0,16,30,2
9,3,2,9,4,41,29,31,2
4,3,2,15,0,55,29,21,1
33,3,1,9,4,12,20,30,1
4,4,1,8,4,39,26,42,1
4,3,2,9,4,41,29,29,1
9,3,2,13,4,37,29,57,1
9,3,1,3,4,9,29,28,1
4,4,7,9,0,22,29,21,2
0,3,3,18,4,42,15,21,1
7,3,1,15,4,19,1,18,1
7,4,1,9,4,18,13,18,2
4,3,2,9,4,11,29,2,1
4,3,1,18,4,33,28,28,0
1,3,1,9,4,57,27,47,1
4,3,1,15,4,61,29,7,1
4,3,3,15,4,41,28,23,1
4,3,2,15,4,12,26,42,0
4,4,5,8,4,39,23,19,2
4,3,7,9,4,43,25,18,1
4,2,5,9,4,37,28,48,2
7,3,3,9,4,12,4,29,2
9,3,1,3,4,54,29,51,1
4,3,3,9,4,32,29,3,1
8,2,5,9,4,57,30,20,2
4,1,1,8,4,1,3,22,2
4,2,1,15,4,9,27,28,1
4,3,2,15,4,12,29,30,2
4,1,1,3,4,54,29,20,1
25,1,1,8,3,9,29,28,0
4,4,2,16,4,66,29,45,1
4,3,1,9,4,0,27,23,1
4,3,2,9,4,10,14,30,1
10,3,1,3,0,41,29,3,1
0,3,1,13,0,41,16,3,1
7,3,1,9,4,33,13,39,2
4,3,1,9,4,55,30,48,1
3,1,1,15,4,12,27,20,2
9,3,2,6,4,54,29,28,1
7,1,1,18,0,12,29,22,2
4,3,1,3,0,41,29,50,1
30,3,2,8,0,3,28,41,0
4,3,1,3,0,9,18,28,0
9,3,1,9,4,56,23,30,2
4,4,3,9,4,39,10,57,1
1,4,3,16,4,13,29,21,2
1,2,2,18,4,0,13,18,2
30,4,2,6,4,9,29,28,1
4,2,5,9,4,61,29,41,2
4,1,1,8,4,1,3,22,2
1,3,1,18,0,19,21,9,1
4,3,5,3,4,15,26,52,0
1,3,5,18,4,7,4,21,2
4,4,3,16,4,12,27,23,2
4,1,1,9,0,26,29,24,1
4,3,3,9,4,10,25,41,1
1,3,2,8,4,41,29,3,2
33,3,3,9,4,0,29,28,1
8,3,1,3,4,9,25,28,1
7,4,5,9,0,61,29,29,2
9,3,1,4,4,56,29,30,1
4,2,2,9,4,39,23,29,2
2,3,1,3,4,15,22,47,1
4,3,1,18,4,9,29,28,0
7,3,1,9,0,3,29,29,2
23,1,1,15,4,38,7,2,0
4,3,1,6,4,42,9,57,1
4,3,1,15,4,12,29,20,1
4,2,5,9,4,0,29,30,1
7,3,2,8,4,59,24,57,2
7,3,2,9,4,38,14,2,2
4,3,3,8,4,12,23,19,2
27,3,2,9,0,0,17,12,1
4,3,1,15,0,52,29,53,1
1,3,1,9,4,54,10,40,1
8,3,1,8,4,41,16,41,2
20,3,1,8,4,41,24,29,1
7,3,1,18,0,9,29,28,1
4,4,2,15,4,12,29,55,1
0,2,3,9,4,12,27,20,2
4,3,1,9,4,41,29,40,1
4,4,2,15,4,9,29,9,0
7,3,2,10,4,12,29,57,2
4,3,2,18,0,25,29,55,0
4,3,1,15,4,61,29,7,1
4,4,3,18,4,55,29,30,2
4,3,1,6,4,0,29,30,1
4,3,1,3,4,61,29,1,0
8,1,1,8,4,42,29,41,1
7,4,5,15,4,10,27,30,2
1,1,1,18,0,14,28,39,1
7,3,1,8,4,41,20,50,2
7,3,1,3,4,9,29,28,1
20,3,5,8,4,12,29,28,2
9,4,1,8,4,41,21,19,2
21,3,8,16,4,9,29,28,2
4,3,2,9,4,10,18,20,1
28,3,1,15,4,38,14,2,1
4,3,1,8,4,37,29,30,1
4,2,3,8,4,41,29,50,1
20,4,3,8,4,34,29,28,2
4,2,5,8,4,28,29,24,2
9,3,2,10,4,22,29,30,2
0,3,5,18,4,12,6,20,2
7,4,1,15,4,55,14,55,2
4,3,1,18,4,12,1,20,1
4,3,1,16,4,54,23,50,1
3,1,1,3,4,65,29,30,1
4,3,1,15,4,56,29,57,0
4,2,5,10,4,7,29,21,2
4,3,1,16,4,12,28,41,2
7,1,1,3,0,39,4,7,2
7,3,2,9,4,55,9,20,2
4,1,1,9,4,14,23,29,1
1,4,1,18,4,57,29,3,1
9,3,3,9,4,5,30,50,2
4,3,1,18,4,8,29,40,0
4,3,2,15,0,12,27,23,1
7,3,1,8,4,41,29,48,2
4,2,1,9,4,34,21,28,1
10,3,1,8,3,34,4,30,1
4,3,2,9,4,57,20,57,1
1,3,3,18,4,21,29,4,1
4,3,2,18,4,12,29,30,1
0,3,1,15,4,33,5,39,2
4,4,3,18,4,2,20,50,2
1,3,2,18,4,7,17,36,1
9,3,1,18,4,34,29,57,2
4,2,2,18,4,22,29,22,1
33,2,5,8,4,19,29,28,2
1,3,2,8,0,23,25,28,1
4,4,2,15,4,26,27,22,2
4,3,2,15,4,28,29,55,1
7,3,1,18,0,19,29,18,1
4,4,3,9,4,29,29,3,1
4,3,2,8,4,41,14,21,1
4,3,2,6,4,41,29,3,1
9,3,1,15,4,28,14,55,2
4,3,1,18,4,0,15,1,2
4,3,1,8,4,55,29,10,1
4,3,1,15,4,37,29,23,1
2,1,1,3,0,3,16,41,1
0,4,2,9,4,0,21,50,1
7,3,2,13,4,41,29,30,2
4,3,2,9,4,12,30,23,1
7,1,1,6,4,8,29,30,2
4,3,1,8,4,41,16,41,0
4,4,2,15,0,57,26,57,1
4,1,1,18,4,41,29,30,0
11,4,2,18,4,37,23,22,2
4,3,1,15,4,56,29,41,0
4,1,1,18,4,54,5,40,1
7,3,1,9,4,33,13,39,2
6,3,2,18,4,9,27,28,1
1,3,2,8,4,34,29,50,2
4,3,2,8,4,6,21,50,1
9,3,1,8,4,41,16,41,2
20,0,5,8,4,0,29,28,2
4,3,1,15,0,3,29,41,1
0,3,1,3,4,9,29,29,1
4,3,2,9,4,0,29,57,1
4,3,2,8,4,8,13,48,1
4,4,4,9,4,12,20,50,2
4,3,1,18,4,34,29,57,0
0,3,1,8,0,3,23,41,1
33,0,5,16,4,37,29,28,2
7,1,1,18,2,28,8,30,1
4,2,2,15,4,26,28,29,1
4,3,3,15,0,61,23,30,0
9,1,1,9,4,57,23,30,2
20,3,5,8,4,12,29,28,2
4,4,3,9,4,57,29,30,1
6,3,2,18,4,9,27,28,1
4,2,8,11,4,0,5,29,2
7,3,3,9,4,59,29,4,2
0,2,3,9,4,12,27,20,2
9,1,1,9,4,57,23,30,2
33,3,3,18,4,38,17,24,2
10,3,1,8,4,41,16,41,1
7,3,1,18,8,10,29,39,1
16,1,1,3,0,9,26,29,1
8,4,3,18,4,66,29,55,2
25,3,2,15,4,38,27,41,0
33,2,3,15,4,21,21,30,2
4,3,2,13,4,12,28,6,1
4,3,2,10,4,12,22,20,1
7,2,1,10,0,58,29,18,2
20,3,5,8,4,12,29,28,2
9,3,3,6,4,59,20,30,2
7,3,2,9,4,4,16,35,2
15,4,1,18,4,41,30,30,0
4,2,2,10,4,55,14,20,2
9,3,1,4,0,31,19,20,1
13,4,3,15,4,57,29,30,2
4,3,3,16,4,12,21,23,2
4,1,1,3,0,38,28,43,0
27,2,3,15,4,9,18,28,2
4,4,7,18,4,28,28,55,2
4,3,5,9,4,39,29,30,2
4,3,1,13,0,56,29,57,0
1,3,2,8,4,23,23,30,1
11,3,1,18,4,37,29,28,1
1,3,1,9,4,1,29,48,2
8,3,1,8,4,3,29,41,1
7,3,2,9,4,5,28,21,2
4,2,5,18,4,22,27,57,1
8,3,1,8,4,4,22,36,1
9,3,1,18,4,1,29,24,2
4,2,4,9,4,22,19,50,2
4,3,1,9,0,43,29,50,1
8,3,2,8,4,41,25,7,1
4,4,2,9,0,42,25,12,2
0,2,2,18,4,57,29,43,2
4,3,1,9,4,39,20,43,1
0,4,3,16,4,37,29,2,2
7,3,1,9,4,33,13,39,2
7,3,2,8,4,12,20,20,2
2,1,1,3,0,3,16,41,1
4,3,1,9,4,57,20,45,1
4,4,3,15,4,10,23,47,1
4,3,1,9,4,56,29,22,0
4,3,1,15,0,7,29,21,0
22,3,2,10,4,33,29,39,2
4,1,1,18,4,34,28,30,0
1,3,1,15,4,54,29,3,0
4,3,1,18,4,22,29,3,0
4,3,2,18,4,41,28,28,1
9,3,1,8,0,26,29,43,1
9,4,3,9,0,61,9,7,2
4,4,5,10,4,12,29,30,2
32,4,4,15,0,21,29,30,2
6,3,1,15,0,36,28,53,0
8,3,1,9,4,41,12,20,2
7,4,3,18,4,28,29,30,2
4,3,2,9,4,34,5,28,1
20,3,1,8,4,12,29,28,2
23,3,1,18,4,42,29,57,0
4,3,1,15,0,53,24,8,1
4,2,5,18,4,10,29,20,2
4,0,5,9,4,3,26,29,2
11,3,1,3,4,62,27,53,0
0,3,2,15,4,38,27,41,1
4,3,1,9,4,17,29,48,2
9,3,2,3,4,9,23,28,2
4,2,1,18,4,22,28,28,2
1,4,3,9,4,4,29,36,2
20,3,1,9,4,39,28,18,1
4,3,2,18,4,37,29,30,1
13,3,1,8,4,41,21,19,2
9,4,2,9,4,41,29,50,1
4,2,2,9,4,39,29,43,1
7,4,3,18,4,3,9,41,2
7,2,2,18,4,0,20,18,2
9,3,1,15,4,41,3,1,2
11,4,5,10,4,56,27,47,2
7,3,2,18,4,9,16,28,1
1,3,3,15,4,14,1,12,1
4,3,3,18,0,12,29,20,1
4,3,2,18,4,54,26,26,1
4,1,1,8,4,38,7,2,1
4,3,1,18,4,56,29,48,0
0,2,5,18,4,54,29,30,2
4,2,3,10,4,39,28,31,1
23,3,1,18,8,37,29,23,1
9,3,1,15,4,41,3,1,2
7,3,1,15,4,24,25,29,2
4,3,2,15,4,38,27,41,0
32,3,1,15,4,11,22,20,1
7,3,2,18,4,14,25,48,2
0,4,3,18,4,41,25,22,2
2,1,1,3,0,3,16,41,1
0,3,1,8,4,42,28,0,1
4,3,3,15,4,0,29,50,1
23,3,1,18,8,37,29,23,1
4,3,3,18,4,0,29,22,0
4,3,1,18,4,12,24,20,2
16,2,5,10,4,5,29,48,2
20,4,3,8,4,34,29,28,2
9,3,1,15,4,55,29,28,1
4,3,2,15,4,14,24,53,1
4,3,1,10,4,40,22,20,1
10,3,1,8,4,41,24,29,2
4,3,2,9,4,56,28,31,1
7,3,3,13,4,55,29,48,2
4,1,1,15,0,10,26,57,0
3,3,1,8,4,41,29,47,1
4,4,4,18,4,21,29,30,0
30,3,1,8,4,3,16,41,0
4,3,1,9,4,56,29,22,0
4,3,2,9,4,10,22,20,2
4,4,5,9,4,38,15,20,1
4,3,5,10,3,33,13,39,0
7,2,7,9,4,21,29,30,2
4,4,3,9,4,23,22,30,2
8,2,3,9,4,21,28,52,2
4,4,5,18,4,4,28,36,2
4,1,1,6,0,21,23,30,0
3,3,1,3,4,34,29,57,1
4,3,4,15,0,55,27,21,1
4,2,3,18,4,37,24,1,2
9,3,3,6,4,59,29,24,1
4,2,3,18,4,37,24,1,2
4,1,1,15,0,10,26,57,0
9,4,1,3,4,22,29,30,1
4,3,1,9,4,0,26,7,1
4,3,2,9,4,34,18,3,1
4,2,3,9,4,14,22,3,2
8,4,2,15,4,0,29,30,1
3,3,1,18,4,39,18,19,2
9,3,1,15,4,1,29,12,1
9,3,1,3,4,24,28,40,1
1,3,1,18,0,14,21,9,1
9,4,3,15,4,7,29,48,2
4,2,3,9,4,41,18,30,1
4,3,1,3,4,15,21,50,0
4,3,1,13,4,42,29,57,1
7,4,5,9,4,32,28,30,2
1,4,2,9,4,32,28,23,2
1,3,2,3,0,41,29,48,1
9,3,2,10,4,29,25,43,2
3,4,1,15,0,21,26,30,1
4,3,1,15,4,41,9,12,1
9,1,1,9,4,3,20,2,2
7,2,4,16,4,21,19,29,2
1,4,3,18,4,41,29,30,2
4,3,2,9,4,29,24,43,1
7,3,1,3,4,54,29,7,2
4,4,3,18,4,0,5,21,1
7,4,2,10,0,7,29,21,1
4,1,1,15,4,54,29,50,1
4,3,2,8,4,41,14,21,1
4,3,5,10,4,33,29,39,1
32,3,2,9,4,37,17,47,2
3,3,2,18,4,57,27,50,2
0,3,1,8,4,41,29,3,1
4,3,5,15,4,12,29,3,2
27,4,5,18,4,21,29,30,1
4,3,1,18,4,34,29,28,1
4,2,3,9,4,39,26,29,1
4,3,2,18,4,10,29,20,2
4,3,4,16,4,12,19,29,2
6,3,2,18,4,9,27,28,1
4,3,3,3,4,41,27,7,1
4,2,4,9,4,41,29,29,2
20,3,1,8,4,12,29,28,2
1,3,3,5,0,39,27,12,1
4,3,1,8,4,26,29,24,0
4,2,2,9,4,37,12,47,2
4,3,3,15,4,41,4,50,0
0,3,4,13,4,0,26,20,2
32,1,1,3,4,41,29,57,1
7,3,1,18,4,30,29,40,1
4,4,3,9,4,57,19,50,1
4,3,2,9,4,29,24,43,1
7,4,3,15,4,41,27,3,1
4,3,3,9,4,33,29,39,1
4,3,2,18,4,42,29,50,1
9,3,1,13,0,12,29,30,2
1,4,3,8,4,41,29,21,2
4,3,1,15,4,26,28,29,1
7,3,2,15,4,12,6,23,2
4,4,2,10,4,4,24,50,1
0,3,4,13,4,0,26,20,2
1,3,2,18,4,56,29,57,1
4,3,1,18,4,0,5,21,0
9,4,4,16,4,42,16,41,2
8,2,3,18,4,9,29,28,2
20,2,3,9,4,37,21,18,2
7,2,2,15,4,9,27,28,2
4,4,2,9,4,28,23,55,1
4,1,1,9,4,43,20,2,0
4,3,4,9,4,10,29,22,1
4,3,5,9,4,53,22,43,2
9,2,5,18,4,41,29,30,2
4,2,3,9,4,42,1,55,2
27,4,2,18,4,9,29,21,1
11,3,1,15,4,41,3,1,1
7,2,5,10,4,39,28,7,2
4,3,1,9,4,2,29,1,1
33,3,1,4,4,37,29,48,1
1,3,3,9,4,12,29,20,2
33,2,3,9,4,28,24,55,2
2,1,1,3,0,3,16,41,1
4,3,1,9,4,1,25,18,1
7,3,1,9,4,0,29,30,2
10,2,3,9,4,42,26,30,2
7,4,2,9,4,56,26,30,2
4,4,5,9,4,10,27,41,2
4,3,3,6,4,61,29,20,0
7,3,1,9,4,34,29,48,2
0,2,5,18,4,37,29,32,2
7,4,3,9,4,61,29,30,2
33,3,2,18,4,56,29,12,1
4,2,2,9,4,28,28,29,2
4,4,3,9,4,12,29,29,2
33,1,1,13,4,37,20,1,0
1,3,1,18,4,34,29,28,2
13,2,2,18,4,41,29,50,2
9,4,3,18,0,58,29,30,2
9,3,1,9,4,0,21,30,2
4,3,1,18,0,12,29,50,1
4,4,2,16,0,12,8,23,2
4,2,5,9,4,12,29,30,2
7,2,2,15,4,34,29,30,2
4,3,3,9,4,0,29,30,1
2,3,1,9,0,42,29,29,2
13,2,5,9,4,41,29,28,2
1,3,2,18,4,22,29,30,1
4,3,1,8,4,12,16,20,1
7,3,2,9,4,3,14,2,2
20,3,5,8,4,12,29,28,2
4,4,2,15,4,41,29,57,1
0,3,2,18,0,54,29,50,1
4,3,3,18,4,54,29,3,0
4,4,2,13,4,35,29,30,2
7,3,2,18,0,0,29,30,2
7,3,1,3,4,24,16,3,1
33,1,1,3,4,9,29,28,0
4,3,1,13,4,56,21,20,0
4,4,3,13,4,39,28,28,1
12,3,3,18,0,7,29,21,2
4,3,3,9,4,12,12,36,1
4,3,1,8,0,41,21,18,1
7,3,2,9,0,0,22,12,2
33,2,2,15,4,3,29,30,2
23,3,1,18,4,42,29,57,0
4,2,2,18,4,0,29,30,2
32,1,1,3,4,41,29,57,1
4,3,1,18,0,12,26,29,2
4,3,1,15,4,38,29,24,1
9,3,2,13,4,42,29,57,1
20,0,5,8,4,57,29,28,2
7,3,2,9,4,29,25,48,2
7,3,2,3,0,28,28,47,2
4,3,2,15,0,12,27,23,1
0,3,2,18,4,14,29,9,2
4,3,1,13,4,28,27,50,1
8,3,1,15,4,42,14,18,1
4,3,2,9,4,57,27,50,1
25,3,2,15,4,38,14,2,1
4,3,1,9,4,0,17,23,1
9,0,3,9,4,8,29,24,2
4,1,2,9,4,33,30,39,1
4,4,3,15,4,22,28,3,1
9,3,3,13,4,21,29,30,2
4,3,2,15,4,57,29,50,1
4,3,1,18,4,37,29,57,0
0,3,1,6,0,65,27,3,1
4,1,1,8,4,35,29,50,0
7,3,2,15,0,22,28,47,1
7,0,5,9,4,33,29,39,2
0,3,3,3,4,39,28,30,1
4,3,3,9,4,29,28,50,1
13,3,2,18,4,41,28,4,1
0,4,2,9,4,39,26,20,2
4,3,1,15,0,12,12,22,1
7,2,2,15,4,57,29,30,2
3,4,5,9,4,42,29,21,1
7,3,3,8,4,57,18,12,2
4,3,2,9,4,57,23,28,1
4,3,2,9,0,12,27,23,2
4,3,3,9,4,54,29,51,1
27,4,2,8,4,41,1,57,1
32,3,2,9,4,40,27,12,1
4,3,2,3,4,9,29,47,0
4,3,5,9,4,41,29,30,2
4,3,3,9,4,12,29,22,2
4,4,3,9,4,41,27,3,1
8,4,3,10,4,1,29,47,1
1,2,5,10,4,24,29,30,2
4,3,1,3,4,41,29,50,1
4,4,3,9,4,56,29,30,1
4,2,3,10,4,57,13,57,2
13,4,3,9,4,4,29,21,2
4,3,2,3,4,41,3,12,0
7,3,1,15,4,34,29,35,2
4,2,3,18,4,57,28,45,2
4,3,2,9,4,41,29,20,0
4,4,2,13,4,41,12,3,0
4,3,1,18,4,41,29,44,1
4,3,2,15,4,38,27,41,0
32,3,2,16,4,31,29,55,1
9,3,2,15,4,56,29,21,2
0,2,5,9,4,38,1,41,2
11,3,1,9,4,17,26,40,2
4,1,1,9,4,57,29,50,1
4,3,2,3,4,37,24,22,1
33,3,1,9,4,2,29,24,0
9,3,1,8,4,0,29,0,1
7,3,2,18,4,32,30,12,2
4,3,3,13,4,7,29,35,1
7,3,2,9,4,12,18,23,2
3,3,1,9,0,33,25,39,1
25,3,1,3,4,41,29,28,0
4,1,1,8,4,65,29,25,1
1,4,2,9,4,3,29,1,2
3,3,1,18,4,29,26,30,1
4,3,1,3,4,41,29,29,1
1,3,1,18,4,22,29,30,2
4,4,3,9,0,28,29,30,1
4,3,3,9,4,12,21,23,1
4,3,1,3,4,22,7,19,0
4,2,5,9,4,37,21,57,2
4,0,10,18,4,57,29,21,2
4,3,1,10,4,37,4,20,1
4,3,4,9,0,12,13,29,2
4,3,1,8,0,12,29,20,0
4,1,1,9,4,35,22,20,1
4,3,2,10,0,0,29,30,1
7,3,2,15,0,22,28,47,1
27,0,5,18,4,3,1,55,2
7,2,5,9,0,2,28,30,2
4,2,3,15,4,34,29,28,2
7,3,1,9,4,57,25,57,2
8,3,1,8,4,41,16,41,2
4,3,2,9,4,57,22,21,1
7,3,1,9,4,12,13,20,2
0,3,1,15,4,38,29,2,1
7,3,1,18,4,40,25,30,2
4,2,5,9,4,41,29,50,2
4,2,2,3,0,41,18,28,1
4,3,1,9,4,34,12,57,1
7,4,5,15,4,39,13,24,2
4,2,3,9,4,0,4,50,1
4,3,2,3,4,41,21,28,1
3,3,2,15,4,26,4,9,2
9,2,1,9,0,14,9,57,2
10,3,1,3,4,3,29,29,1
1,4,2,18,0,12,29,31,2
4,4,2,3,4,41,14,50,1
10,2,3,15,4,41,29,30,2
4,2,5,10,4,32,29,57,1
8,3,1,15,4,12,1,23,1
1,2,3,15,4,41,29,57,1
4,3,1,15,4,0,30,30,1
4,4,5,15,4,37,13,28,1
4,4,1,18,4,9,27,28,0
1,4,1,18,4,56,29,50,1
2,1,1,3,0,3,16,41,1
0,3,3,3,4,39,28,30,1
25,3,1,6,3,9,29,28,0
7,4,2,15,4,0,14,30,2
4,2,5,15,4,22,29,50,2
4,0,5,9,4,4,28,36,2
9,1,1,15,0,41,27,28,2
4,4,1,5,4,34,29,20,0
4,2,3,9,0,59,16,37,1
33,3,1,15,4,41,29,21,1
7,3,3,9,4,37,8,30,2
13,3,2,8,4,37,28,18,1
1,3,1,10,4,29,29,39,2
4,2,4,9,4,41,29,29,2
4,3,2,13,4,56,25,22,1
4,3,1,15,4,61,17,42,0
4,3,2,9,4,3,29,41,1
7,3,2,18,4,22,29,50,2
9,3,1,18,4,37,29,18,1
4,3,1,9,4,12,14,20,1
4,2,10,9,4,28,28,55,2
4,3,2,8,4,9,23,28,0
4,3,3,9,4,37,22,41,2
9,3,1,9,4,1,29,1,2
1,3,2,15,4,56,29,21,1
9,3,2,3,4,12,29,18,1
4,4,2,16,4,39,19,29,2
7,3,2,9,4,56,4,21,2
4,3,2,9,4,37,26,24,1
1,4,3,8,4,41,29,21,2
4,3,5,18,4,9,29,28,0
9,2,3,18,4,0,20,50,2
4,3,1,15,4,56,29,55,1
4,3,1,18,4,57,29,45,1
8,2,3,9,4,59,29,22,2
7,1,1,9,4,7,30,21,2
4,3,2,13,4,41,29,30,0
4,3,1,15,4,12,12,20,1
4,1,1,9,4,12,30,23,1
4,4,3,9,4,55,29,18,1
7,3,1,3,0,37,29,1,2
1,3,3,15,4,55,29,40,2
33,4,1,18,4,17,29,28,2
4,3,1,8,4,41,16,41,0
4,3,1,15,4,0,28,30,1
9,2,1,8,4,56,29,30,1
7,3,1,18,0,56,29,42,1
7,2,10,18,4,5,29,48,2
4,3,2,13,4,0,2,8,0
4,3,3,18,4,54,29,50,1
4,3,1,9,0,0,27,18,1
4,4,2,16,0,41,26,57,1
26,3,2,8,0,61,29,30,1
4,3,3,10,4,12,25,29,2
4,3,1,13,4,56,12,57,0
4,2,3,9,4,12,29,20,2
4,3,1,13,4,19,29,18,0
33,3,1,8,4,41,28,0,1
7,2,1,18,4,56,29,40,1
7,4,2,6,0,41,30,41,2
20,0,5,8,4,0,29,28,2
7,2,8,9,4,1,29,24,2
4,4,3,9,4,57,17,29,2
4,3,2,18,4,10,20,23,1
1,3,4,9,4,10,25,30,2
4,2,3,9,4,37,9,48,2
1,3,2,10,4,28,20,53,2
4,3,3,16,4,12,16,20,2
7,0,10,16,4,22,19,29,2
7,4,5,9,4,59,29,30,2
1,3,2,18,4,14,19,33,1
4,3,2,13,4,41,20,18,1
7,2,5,9,4,8,30,40,2
4,1,1,18,4,33,29,39,1
3,3,1,15,4,19,29,53,1
4,2,2,8,4,9,29,28,1
1,3,4,3,0,23,2,39,2
4,3,1,18,4,24,22,50,1
14,3,1,8,4,41,16,41,1
4,3,3,15,4,38,23,2,1
0,3,1,15,4,33,5,39,2
1,1,1,8,0,54,4,50,2
20,0,5,8,4,0,29,28,2
4,3,1,15,4,12,4,20,1
4,4,1,3,4,0,29,47,1
33,3,1,18,4,30,29,28,1
1,2,5,18,4,4,9,8,2
4,3,1,3,4,9,29,28,0
7,3,2,18,4,57,29,24,2
1,2,5,18,4,9,29,28,2
3,1,1,8,0,54,21,22,0
4,3,2,18,4,33,29,33,1
4,3,1,8,4,3,26,20,1
4,4,3,9,4,57,29,28,1
9,3,2,13,4,61,29,21,2
4,2,10,9,4,3,29,30,2
7,3,1,3,4,59,15,3,2
8,3,1,18,4,12,28,47,2
4,4,3,9,0,28,29,30,1
2,1,1,3,0,3,16,41,1
4,3,3,9,4,23,29,21,1
0,4,3,10,4,29,30,48,2
1,3,3,16,4,7,29,36,1
33,2,3,10,4,57,23,29,2
7,3,1,6,4,41,29,28,1
7,3,1,15,4,61,17,30,2
4,3,2,18,4,10,20,50,1
4,3,2,18,4,12,2,23,2
1,3,2,16,4,10,29,20,2
4,4,3,15,0,61,29,30,1
7,3,1,15,4,0,29,30,2
4,3,3,9,4,29,29,10,1
4,3,1,15,4,54,29,24,0
4,3,1,9,4,14,28,7,1
4,3,2,18,4,57,29,51,1
9,3,1,4,4,41,7,50,1
1,4,6,9,4,37,2,12,2
9,3,3,18,4,7,27,21,1
4,3,3,18,4,57,29,7,1
0,2,3,10,4,0,29,28,2
7,3,2,9,4,57,29,48,2
0,3,5,18,4,12,6,20,2
4,3,2,9,4,12,30,23,2
4,2,4,9,4,41,29,50,2
7,3,1,15,4,18,12,18,2
4,4,3,9,4,7,2,36,1
4,2,3,9,4,39,24,55,2
4,3,1,15,4,34,29,44,1
33,4,1,16,4,1,1,10,1
9,3,2,9,4,66,27,28,2
9,3,1,15,4,56,4,23,1
21,4,3,18,0,57,11,48,2
4,3,2,15,4,14,24,53,1
4,4,5,9,0,2,28,55,2
33,2,2,18,4,9,7,28,2
33,2,3,9,4,28,24,55,2
4,3,1,15,4,22,29,57,1
4,4,3,18,4,0,29,19,1
4,2,10,18,0,12,27,20,2
4,4,5,10,4,4,29,36,1
4,3,1,13,4,53,29,50,1
4,3,1,8,0,41,26,57,0
23,3,1,18,4,56,28,27,1
4,3,1,10,4,12,4,20,1
9,3,2,3,4,41,29,57,2
3,3,1,15,4,12,29,20,2
4,3,3,9,4,4,29,21,2
1,4,5,13,4,0,29,30,2
7,3,1,8,4,56,29,24,1
4,3,1,9,4,34,26,57,1
4,3,2,13,4,40,29,12,1
1,1,1,18,8,14,28,39,1
4,3,2,8,4,9,27,28,0
4,0,2,10,4,27,26,57,2
27,3,3,18,4,48,29,57,1
8,1,1,4,4,18,29,18,1
4,3,3,18,4,1,9,57,0
9,3,2,9,4,57,26,50,2
4,2,2,15,4,37,29,48,2
4,3,2,18,4,22,29,57,1
4,4,2,9,4,12,29,30,2
4,3,1,8,4,41,24,29,1
0,3,3,15,4,36,26,50,2
0,3,1,8,4,41,16,41,1
3,2,5,8,4,34,29,34,2
4,3,1,3,0,56,29,3,1
0,3,1,9,4,54,29,32,1
7,4,2,15,4,0,14,30,2
1,3,1,9,4,32,29,28,1
9,4,1,9,4,63,15,28,2
9,3,1,15,4,34,29,7,1
2,1,1,3,0,3,16,41,1
7,1,1,13,4,41,29,28,1
8,3,2,8,4,41,25,7,1
4,2,7,16,4,35,29,29,2
4,4,2,9,4,54,29,50,1
4,3,1,8,4,9,29,28,0
1,3,1,18,4,22,29,15,1
4,3,2,9,4,53,24,43,1
7,4,3,15,4,22,29,21,2
8,3,1,15,4,0,29,28,1
4,3,1,3,4,41,29,47,0
25,3,3,10,4,33,29,39,2
4,4,3,9,4,9,28,28,1
1,1,1,18,4,37,29,47,1
23,3,1,18,4,42,29,57,0
4,3,1,6,4,41,29,3,0
20,0,3,9,4,9,29,28,2
20,4,1,9,4,9,29,28,1
20,3,1,9,4,39,28,18,1
4,3,2,9,4,0,28,30,1
4,3,1,15,0,12,29,20,1
12,2,5,10,4,57,12,0,2
32,2,2,15,4,41,29,50,1
4,3,3,8,0,41,29,20,1
4,1,1,15,4,12,27,23,1
4,3,1,15,4,7,29,48,1
20,0,5,8,4,57,29,28,2
7,2,3,9,4,7,28,18,2
0,3,1,3,4,9,29,29,1
7,3,1,3,4,9,29,30,1
1,2,10,11,4,0,25,29,2
4,3,2,15,4,22,23,28,0
4,3,1,15,4,56,28,29,0
8,1,1,18,4,11,28,39,1
20,0,5,8,4,0,29,28,2
4,2,2,15,4,9,27,28,1
9,2,4,9,4,57,29,30,2
4,4,2,9,4,0,22,21,1
4,2,8,9,4,7,29,21,2
4,2,10,9,4,0,25,29,2
4,3,2,9,4,12,26,20,2
32,1,1,3,4,41,29,57,1
7,2,5,10,0,21,29,57,2
4,4,3,9,4,22,29,28,1
4,3,7,9,4,61,1,36,1
4,1,1,9,4,35,22,20,1
7,3,3,8,4,22,29,48,1
7,3,3,9,4,3,22,41,2
1,2,2,18,0,37,7,24,2
4,2,2,18,4,32,15,29,1
16,3,4,13,4,65,29,17,2
16,3,1,8,3,41,29,50,0
7,4,2,6,0,41,30,41,2
4,4,3,15,0,0,28,50,1
4,3,2,9,0,0,27,12,1
7,3,1,15,4,57,28,20,2
4,3,1,18,4,54,26,20,1
4,1,1,10,4,4,30,48,1
4,3,1,10,0,12,27,23,2
4,4,1,15,4,32,23,53,2
10,3,1,8,4,41,24,29,2
4,3,2,8,4,61,25,22,0
4,4,3,9,4,1,29,21,2
7,3,2,9,4,38,14,2,2
9,2,5,9,4,0,29,21,2
7,3,1,18,0,33,23,7,1
4,1,1,8,2,12,26,41,0
4,3,1,15,4,37,23,28,1
9,3,3,18,4,22,23,22,2
1,3,1,15,4,47,30,0,1
7,4,3,15,4,41,27,3,1
10,3,1,18,0,56,29,3,1
4,3,3,9,4,12,21,12,1
7,3,1,8,4,56,29,28,1
4,3,1,16,0,57,15,29,1
7,3,2,8,4,0,29,24,2
33,3,1,18,4,7,30,48,1
4,3,1,13,4,57,29,55,1
4,3,3,9,4,28,23,40,1
4,3,2,9,4,12,28,29,2
1,3,1,9,8,12,29,30,2
25,2,3,18,4,14,20,2,2
4,3,1,8,4,41,22,57,0
0,4,1,18,4,57,29,50,1
4,4,2,3,4,62,29,30,1
4,2,2,15,4,37,29,30,1
4,3,1,8,4,12,22,23,2
9,2,3,9,4,21,15,28,2
12,4,5,18,4,7,29,21,2
7,2,3,18,4,37,23,29,2
4,2,5,9,4,57,22,48,2
1,1,2,9,4,12,30,20,2
4,3,3,18,4,7,29,21,1
1,3,3,9,4,34,6,39,2
4,3,2,18,4,34,29,23,2
4,2,8,9,0,57,29,30,2
4,2,5,9,4,37,29,3,2
4,3,1,18,4,54,29,8,1
4,3,2,18,4,41,29,28,0
8,3,1,3,0,37,26,41,1
3,3,1,9,0,10,21,22,1
8,3,1,15,4,0,9,23,2
4,3,2,15,4,38,27,41,0
4,3,1,3,4,26,21,19,0
4,3,1,9,4,33,30,39,1
3,3,2,9,4,12,25,20,2
4,3,5,9,4,39,5,50,2
4,4,3,9,4,22,29,28,1
33,3,1,18,4,30,29,28,1
4,2,5,10,4,29,24,50,2
1,3,2,9,4,53,22,43,2
1,3,1,15,4,12,29,39,1
32,2,1,9,0,41,19,20,2
0,4,5,9,4,39,22,12,2
4,3,2,9,4,54,29,28,1
7,2,5,9,0,7,21,39,2
28,4,2,9,4,4,29,36,2
7,1,1,13,0,49,29,47,1
0,3,1,9,4,12,5,20,2
4,3,1,3,0,21,29,30,0
1,3,1,8,4,37,29,57,1
7,3,1,3,0,56,29,42,0
4,3,2,15,4,54,16,42,1
0,4,3,9,4,19,28,53,2
4,3,1,16,4,13,18,35,1
4,3,1,8,0,41,29,57,0
4,3,2,10,4,0,19,40,1
4,3,1,16,4,41,29,51,1
4,3,2,15,4,1,20,50,1
4,1,1,3,5,3,16,41,0
20,0,3,9,4,9,29,28,2
1,3,2,9,4,56,2,1,1
4,3,1,18,0,26,25,29,1
33,4,1,18,4,17,29,28,2
9,1,1,16,0,41,15,50,2
9,3,1,18,4,37,29,18,1
0,4,2,9,4,39,26,20,2
4,3,1,8,4,0,29,30,0
4,3,2,18,4,0,29,41,1
0,3,5,18,4,12,6,20,2
16,2,5,13,4,34,29,28,1
4,4,1,18,4,35,8,8,1
4,4,3,9,4,1,29,2,2
25,3,1,8,4,39,29,30,1
20,3,5,8,4,12,29,28,2
7,3,2,15,4,41,13,39,2
4,3,2,9,4,38,14,2,0
4,2,5,18,4,37,27,50,2
1,3,1,3,0,9,29,28,0
7,2,5,9,4,37,29,50,2
4,3,1,15,4,18,29,18,0
4,4,3,9,0,35,24,40,1
4,3,1,15,4,34,29,24,0
4,3,1,10,4,39,19,29,1
4,3,1,3,4,9,25,28,0
4,1,1,8,4,38,7,2,1
4,4,3,9,4,66,28,21,2
17,3,1,8,4,41,29,30,1
4,3,1,9,4,10,15,6,1
11,3,1,3,4,62,27,53,0
4,3,3,10,4,41,29,57,1
4,1,1,8,4,35,3,22,2
1,1,1,6,4,56,26,39,0
4,3,1,8,0,41,29,57,0
7,3,1,8,4,54,29,56,2
7,3,1,9,4,37,27,4,1
7,2,2,9,4,55,29,43,2
8,3,2,15,4,41,27,57,1
4,2,3,9,4,8,22,39,1
4,3,2,9,4,37,29,30,0
4,3,2,9,4,12,28,20,1
7,4,3,15,4,59,25,28,2
27,4,2,9,4,7,29,3,1
4,4,3,15,4,4,29,35,1
7,1,1,18,4,54,29,23,1
4,3,2,13,4,32,20,18,0
4,3,2,18,4,57,7,18,1
4,3,1,9,4,61,29,7,1
1,3,1,18,0,19,21,9,1
4,3,3,6,4,23,24,28,1
4,1,1,8,3,35,13,50,0
4,3,3,18,4,41,29,30,1
17,0,3,10,4,37,29,48,2
7,3,2,18,4,59,21,3,2
9,3,3,9,4,54,15,15,2
1,3,2,6,0,4,29,36,1
4,3,1,4,4,37,29,30,1
4,3,2,15,4,10,29,50,1
4,3,1,4,4,9,26,57,0
7,4,5,9,0,0,28,30,2
7,3,3,18,4,5,29,48,2
4,3,2,9,4,54,1,57,1
15,3,1,18,4,41,29,30,1
4,2,5,18,4,37,24,1,2
17,4,2,8,4,9,24,28,1
7,3,1,18,0,0,8,30,2
4,3,2,3,4,41,18,3,0
7,3,3,9,4,28,28,21,2
4,3,1,9,4,34,7,40,1
7,4,3,9,4,57,18,3,2
7,3,1,9,0,12,29,20,2
1,2,3,18,4,42,29,42,2
9,1,1,6,4,41,29,3,2
4,3,1,3,4,9,5,28,0
9,3,1,4,4,56,29,30,1
4,3,1,18,4,4,29,3,0
4,3,2,9,4,0,28,0,1
4,3,2,18,4,66,29,9,0
4,3,2,18,4,1,29,30,1
9,3,1,8,4,40,29,30,2
4,4,2,9,3,12,28,43,2
4,3,1,3,4,56,29,7,0
4,3,2,18,4,54,24,50,1
4,3,2,9,4,54,14,44,1
4,2,3,15,4,28,29,55,1
4,4,2,15,4,41,29,50,1
4,3,1,9,0,57,20,21,1
9,3,2,9,0,0,30,57,1
4,3,2,18,4,12,27,53,2
1,3,2,18,4,30,22,1,1
25,3,1,6,0,41,29,29,1
1,3,3,8,4,41,28,30,2
4,3,1,8,4,40,29,23,0
4,1,1,3,3,9,29,28,0
8,1,1,3,4,26,29,20,1
13,3,1,15,4,41,3,1,1
1,1,1,3,4,21,10,30,1
7,3,2,9,4,12,29,41,2
4,3,2,9,4,0,28,31,1
33,4,4,16,4,42,16,41,2
1,1,1,9,4,37,12,35,1
1,3,2,18,4,41,29,24,1
7,3,1,18,4,24,29,30,2
4,4,2,18,4,36,30,50,1
7,4,5,18,4,4,29,1,2
4,3,1,15,4,56,27,57,1
12,2,5,10,4,41,24,50,2
4,3,1,9,4,1,21,57,1
4,3,1,8,4,35,29,50,1
4,4,2,4,4,9,22,28,0
4,3,1,13,0,19,25,18,1
4,3,1,13,4,0,21,18,0
4,3,1,15,7,33,28,39,0
4,2,2,9,4,14,29,5,2
4,3,3,15,4,42,28,23,1
4,4,2,15,4,36,29,50,1
4,3,1,15,4,57,2,23,1
1,3,2,13,4,56,12,28,1
7,3,1,13,4,37,21,23,2
4,3,4,16,4,37,13,39,2
4,3,2,9,4,56,29,30,1
4,3,2,9,4,56,29,57,1
33,0,5,9,4,53,29,11,2
1,3,3,15,0,60,29,23,2
4,1,1,18,4,34,29,50,0
8,2,3,16,4,57,30,40,1
7,3,2,18,4,2,8,30,1
4,4,2,15,4,41,2,0,1
4,3,1,13,0,4,29,36,0
4,3,1,15,4,42,28,29,1
4,3,3,13,4,55,27,52,1
7,1,1,6,0,37,29,35,1
4,3,2,13,4,18,29,41,0
7,3,1,3,4,34,29,18,1
32,3,1,15,0,56,28,53,1
9,3,2,18,4,40,29,22,2
27,3,1,15,4,56,29,3,1
4,2,3,9,0,57,29,31,2
4,3,1,18,4,0,29,57,0
4,3,1,9,4,29,29,22,0
7,1,1,18,4,0,29,37,1
4,4,1,9,4,21,29,24,1
7,3,1,9,4,57,1,30,2
4,2,4,16,4,34,13,50,2
20,2,2,9,4,0,29,39,1
4,3,1,18,4,25,26,47,0
17,3,1,8,4,37,28,0,2
1,3,1,9,4,29,26,41,2
4,4,5,18,4,12,24,20,2
4,3,2,16,4,0,19,29,1
4,4,2,10,4,29,29,24,1
4,3,1,9,4,54,29,20,1
8,2,5,15,4,65,29,24,2
4,2,1,18,4,35,5,28,1
7,2,1,9,4,39,29,24,2
7,1,1,3,4,34,22,18,1
10,3,4,9,4,55,29,55,1
4,3,2,15,0,1,29,57,1
4,4,3,13,4,41,17,28,1
4,3,3,15,4,10,26,29,1
4,3,1,15,4,34,7,19,1
21,3,1,8,4,41,16,41,1
7,2,4,18,4,57,28,30,2
4,4,3,10,4,0,30,21,1
9,3,2,15,4,33,29,39,2
9,3,1,3,4,37,20,50,1
13,3,2,15,4,40,20,57,2
1,4,2,9,4,53,29,50,2
33,0,1,8,4,58,29,28,2
4,4,5,16,4,10,19,29,2
16,3,1,9,4,12,15,20,2
4,2,5,18,0,23,29,28,2
7,3,1,3,4,41,29,50,2
4,4,4,10,4,37,19,29,2
4,3,3,4,4,41,27,30,0
4,3,2,10,4,53,23,29,2
4,1,1,9,4,12,29,20,1
27,3,1,13,0,39,29,48,1
4,3,5,9,4,39,1,24,1
4,4,4,9,4,34,5,57,1
9,2,1,9,4,37,29,30,2
7,3,2,16,4,59,19,29,2
4,3,2,9,4,54,1,28,1
4,3,1,3,4,41,28,50,0
4,3,1,18,4,54,29,57,1
4,3,1,18,4,53,24,8,0
1,3,1,15,4,22,22,21,1
4,4,2,18,4,37,29,40,1
7,3,2,15,4,38,27,41,1
13,4,1,18,4,9,29,28,1
7,4,2,9,0,50,29,18,2
4,3,1,8,4,9,27,28,2
1,3,1,18,4,26,1,21,2
9,0,20,0,4,21,29,22,2
9,2,5,10,4,37,13,39,2
4,3,1,10,4,12,15,23,1
3,3,1,15,0,12,5,20,1
4,3,1,8,0,41,26,57,0
4,2,3,16,4,41,29,50,2
7,4,5,9,0,65,12,21,2
19,4,2,18,0,66,29,21,2
4,2,5,9,4,40,25,29,2
4,2,2,8,4,66,29,38,1
1,2,2,15,4,28,29,57,2
4,3,1,18,4,48,28,5,1
12,4,3,9,4,48,26,0,2
0,3,3,15,4,12,9,23,2
4,3,3,10,0,12,27,23,1
7,3,2,15,4,56,29,7,2
9,3,2,9,4,42,29,57,2
4,2,2,18,0,41,29,30,0
13,3,2,15,0,59,26,23,2
4,2,2,18,4,39,29,22,2
9,3,1,3,0,12,6,42,2
4,2,2,16,4,37,12,22,2
13,4,1,15,4,40,16,30,1
4,4,2,6,4,57,3,21,1
7,4,2,15,4,19,29,18,2
4,3,1,15,4,34,21,43,1
4,3,2,6,4,9,29,28,0
4,2,5,9,4,14,8,18,2
7,2,2,15,4,41,29,41,2
7,2,10,9,4,39,26,29,2
10,3,2,9,4,40,27,12,2
8,3,1,13,4,34,29,51,1
4,2,5,10,4,33,20,39,2
4,3,2,18,4,10,29,53,1
4,4,2,18,4,0,29,50,1
1,2,2,18,4,57,29,40,2
4,3,1,3,4,30,29,40,0
4,2,3,9,4,41,17,47,2
33,2,3,15,4,8,29,9,1
4,4,2,8,4,41,29,57,1
7,4,2,13,4,28,26,57,2
4,3,1,8,0,54,24,8,0
4,3,1,13,0,56,27,50,0
15,4,4,18,4,1,8,56,2
28,4,1,18,4,56,5,30,2
4,0,5,9,4,28,20,18,2
4,3,3,9,0,0,29,21,1
22,3,2,15,4,21,25,0,2
4,3,2,9,0,57,29,30,0
1,2,2,10,4,21,29,30,2
7,4,3,13,4,21,28,30,2
4,3,1,18,4,9,29,28,0
33,4,1,18,4,17,29,28,2
7,2,5,15,4,63,29,46,2
4,4,3,15,4,12,4,20,2
4,3,2,15,4,11,29,19,1
4,3,1,15,0,1,26,57,0
4,2,5,9,4,34,29,29,2
7,3,1,3,0,9,29,28,0
1,4,3,15,4,59,29,30,2
8,1,1,8,4,37,12,47,1
4,3,1,18,0,15,29,56,1
4,3,3,18,4,1,29,3,2
4,0,10,9,4,3,25,29,2
4,1,1,3,4,41,29,51,0
4,3,3,9,4,10,29,28,1
7,4,7,15,0,7,14,48,2
8,2,5,15,4,4,29,36,2
4,3,1,8,4,26,29,43,1
7,3,2,13,0,0,28,30,2
4,3,1,15,2,54,29,39,0
11,3,1,3,4,9,29,28,0
7,3,3,15,4,41,3,42,2
0,0,5,18,4,0,30,48,2
0,3,3,3,4,39,28,30,1
4,4,2,18,4,37,29,39,2
4,2,8,9,4,63,22,29,2
7,2,5,9,4,21,14,30,2
4,3,1,9,4,3,6,41,1
17,3,2,8,4,61,8,12,1
4,3,1,10,4,17,29,18,1
8,2,5,9,4,24,29,22,2
4,3,2,18,4,28,29,55,0
4,2,2,18,0,9,29,28,0
9,3,2,6,4,54,29,43,1
33,3,1,18,4,30,29,28,1
4,3,2,15,4,38,27,41,0
4,3,2,9,4,7,25,50,1
4,1,1,10,4,37,18,41,1
4,2,3,18,4,37,24,1,2
9,3,1,8,4,3,29,41,1
3,1,1,18,4,12,22,20,1
4,3,3,18,4,7,28,9,1
9,3,3,9,4,12,4,29,2
4,4,2,18,0,5,29,48,1
4,3,2,9,4,12,28,23,1
4,3,1,8,0,41,29,28,0
4,3,3,15,4,41,28,23,1
9,3,2,9,4,0,29,31,2
9,3,3,13,4,37,22,4,2
3,3,2,9,4,10,7,23,2
33,2,5,8,4,37,29,28,2
4,2,3,9,4,39,24,55,2
4,3,1,10,4,5,19,29,1
7,4,3,13,4,41,28,50,2
4,3,2,16,0,56,27,4,1
9,2,1,9,4,28,9,57,2
4,3,2,15,4,10,21,23,1
4,3,2,3,0,65,29,5,1
7,3,1,16,4,13,19,29,2
4,4,3,9,4,0,29,22,1
7,4,5,18,4,63,8,30,2
4,3,2,6,4,57,3,22,2
4,3,1,6,4,56,29,57,0
33,2,3,9,4,28,24,55,2
32,2,3,9,4,40,13,45,2
27,3,1,8,4,41,21,19,2
33,4,1,18,4,17,29,28,2
1,3,1,13,4,39,29,55,1
9,4,3,9,0,0,29,57,1
8,3,1,6,4,21,28,30,2
4,4,3,9,4,3,26,41,1
4,3,2,18,4,42,29,39,0
7,2,1,15,4,54,29,24,2
4,1,1,3,4,22,29,28,0
1,3,2,18,4,37,27,30,2
4,3,1,4,4,0,29,50,0
4,3,1,6,8,39,16,18,0
1,4,5,18,4,10,29,31,2
4,3,1,18,4,42,13,24,0
4,4,3,9,4,0,28,48,1
4,3,2,6,4,7,24,21,1
4,3,3,16,4,15,19,29,1
8,1,1,15,4,24,28,30,1
4,3,1,13,4,56,19,5,1
4,4,2,9,4,57,29,1,1
7,3,3,18,4,21,29,3,2
33,3,5,15,4,10,30,0,1
4,4,3,15,4,59,11,3,0
4,3,3,18,4,53,12,43,1
9,1,1,18,4,41,29,24,1
4,2,2,9,4,14,29,5,2
4,3,1,3,4,15,29,24,0
20,3,3,8,4,12,29,28,1
4,2,2,9,4,0,29,28,2
7,1,1,18,4,0,29,50,1
4,3,1,15,4,28,29,55,1
4,3,1,8,4,41,29,29,0
23,3,1,18,4,42,29,57,0
4,0,10,9,4,19,24,5,2
7,2,5,9,4,0,23,29,2
4,3,1,16,4,41,29,36,1
7,3,2,18,0,12,27,39,2
4,3,1,3,4,56,22,57,0
11,4,2,18,4,37,23,22,2
27,3,1,8,4,41,16,41,1
7,3,2,9,4,38,14,2,2
4,1,1,18,4,37,29,18,1
4,2,3,3,4,9,29,28,1
1,4,2,9,4,33,26,39,2
7,4,1,15,4,48,29,0,1
4,4,5,18,4,12,29,24,2
4,3,1,9,4,53,29,24,1
7,3,2,18,3,63,28,30,2
1,3,1,18,4,61,30,30,2
10,3,1,3,4,3,29,29,1
7,3,1,6,4,61,29,30,2
31,3,1,18,4,41,29,30,1
7,3,1,18,4,54,29,1,2
0,3,1,18,4,5,29,24,1
4,3,1,3,4,41,29,55,0
4,3,2,3,0,42,22,20,0
32,3,2,15,4,38,27,41,1
4,3,2,9,4,24,29,57,1
0,2,3,9,4,57,29,48,2
7,1,1,8,4,3,25,41,1
4,3,1,18,4,0,29,3,1
9,4,5,9,4,41,21,29,2
16,4,2,8,4,9,29,28,1
8,3,2,10,4,13,22,39,2
4,3,2,18,4,12,29,20,1
4,2,3,13,4,9,10,28,1
8,4,3,13,4,4,29,36,2
4,3,1,15,4,19,29,30,1
4,1,1,8,4,41,27,57,1
8,3,2,18,0,24,29,21,2
4,1,1,18,4,38,29,41,1
0,3,1,8,4,42,28,0,1
4,3,1,9,4,39,29,3,0
4,3,1,18,4,4,29,21,1
4,4,2,8,4,34,27,20,1
12,3,1,8,4,59,26,0,0
10,3,2,9,4,37,17,47,2
4,3,3,9,4,53,25,20,2
4,4,3,15,4,57,29,30,1
4,3,1,9,4,11,23,19,1
4,3,2,13,4,41,20,18,1
13,2,3,9,4,57,1,48,2
7,3,1,8,4,12,28,20,2
4,3,2,13,4,41,29,43,1
4,3,2,15,4,24,29,29,1
27,3,1,3,4,41,29,29,0
8,2,5,9,4,0,29,22,2
4,3,1,15,4,54,29,30,1
8,3,3,9,4,20,5,30,1
0,1,1,18,4,12,29,20,1
25,3,1,8,4,41,16,41,1
9,3,1,18,4,56,29,24,2
1,3,2,15,4,23,20,53,2
13,3,1,8,4,41,21,19,2
32,4,2,18,4,41,29,3,1
7,1,1,9,0,56,29,3,2
4,4,3,9,0,0,29,30,1
4,3,3,13,4,41,4,36,1
29,3,1,13,4,35,29,29,1
33,3,3,18,4,17,29,28,2
4,3,3,15,4,37,29,53,1
1,1,1,13,4,3,22,41,2
25,4,1,16,4,22,27,53,1
9,3,1,8,4,41,29,30,2
4,1,1,9,4,3,29,22,1
4,3,3,9,4,57,3,12,1
1,3,1,15,4,22,12,20,1
4,3,1,10,4,57,10,50,1
1,3,1,4,4,41,29,30,1
1,3,3,9,4,0,29,27,2
7,4,1,9,4,12,29,24,2
4,3,2,9,4,37,17,47,1
4,3,3,15,4,37,26,2,1
4,2,2,9,4,39,23,29,2
7,4,5,15,4,21,29,30,2
4,3,5,9,0,61,29,31,2
21,3,2,9,4,66,11,48,2
4,3,2,3,4,41,21,3,1
7,3,1,15,4,8,29,56,2
4,3,1,3,4,0,3,21,1
4,3,3,9,4,10,29,20,2
1,2,5,18,4,7,20,48,2
4,2,3,18,4,53,29,8,1
4,1,1,9,0,26,25,23,1
33,3,1,18,4,30,29,28,1
4,3,1,9,4,42,26,18,0
8,3,1,15,4,38,14,2,2
9,4,2,9,4,6,28,21,2
28,4,3,15,4,28,29,55,2
7,4,5,15,0,28,29,30,2
4,2,2,15,4,41,29,41,2
12,3,1,8,4,41,16,41,1
4,4,2,9,4,37,22,55,2
4,3,2,16,4,0,19,30,1
9,3,2,9,4,64,27,46,2
1,3,1,9,4,29,9,12,2
7,4,2,13,4,28,26,57,2
4,3,3,13,4,66,25,45,1
4,3,1,16,0,12,15,29,2
1,3,2,9,4,53,29,22,2
9,1,1,9,4,37,9,57,2
4,3,1,18,4,42,29,55,0
4,2,5,9,4,57,14,18,1
0,4,3,18,4,61,4,36,2
17,3,2,15,4,38,27,41,1
1,3,1,9,4,53,22,43,2
4,4,3,9,4,32,29,39,2
7,3,1,10,4,40,19,29,2
7,3,2,18,4,17,29,18,2
9,3,3,9,4,12,4,29,2
16,3,1,18,4,12,29,20,2
1,3,3,15,0,1,29,30,2
7,3,1,18,4,54,29,24,2
4,2,4,15,4,37,4,20,2
4,3,1,15,4,12,29,53,0
10,3,2,9,4,40,27,12,2
4,3,1,15,4,34,29,20,1
25,4,3,18,4,9,29,28,1
1,4,2,15,4,7,29,21,2
4,3,2,3,4,59,8,30,1
4,4,5,10,4,0,29,52,1
7,1,1,9,4,61,22,7,2
4,3,5,8,4,39,25,30,1
4,4,3,6,4,10,29,1,1
33,3,2,9,0,41,29,24,1
3,3,1,4,4,41,29,50,1
12,2,3,18,4,0,29,20,2
9,3,1,9,4,56,11,28,1
4,4,5,15,4,34,1,50,1
4,3,2,16,4,12,11,20,1
7,3,3,9,4,12,4,29,2
4,3,1,18,4,9,27,28,0
4,4,4,9,4,0,29,20,2
4,2,5,15,4,35,29,50,2
4,3,1,13,4,0,23,28,0
0,3,2,15,4,37,27,41,1
7,2,2,15,4,36,29,52,2
4,3,1,8,4,34,29,28,1
33,3,1,18,4,30,29,28,1
9,1,1,6,4,40,29,12,2
8,3,1,15,4,38,29,41,1
1,3,1,18,4,14,30,30,2
7,3,1,9,4,38,26,41,2
4,4,5,9,4,0,29,30,1
4,3,2,9,4,39,29,30,1
4,4,2,15,4,41,28,43,1
4,3,1,18,4,57,18,57,0
28,3,1,9,4,0,19,24,1
4,4,2,9,4,21,26,29,1
8,4,1,8,0,13,29,52,2
7,3,3,9,4,33,6,39,2
4,3,1,6,4,41,28,28,0
8,3,1,18,0,12,29,50,2
32,3,2,13,4,56,27,53,0
7,3,1,9,4,48,29,30,1
7,3,3,8,4,39,14,42,1
1,4,2,3,4,12,29,3,1
4,3,3,13,4,55,25,51,1
7,1,1,13,4,18,29,5,1
33,3,1,18,4,30,29,28,1
4,2,1,18,4,35,29,57,2
4,3,1,15,0,54,29,50,1
1,3,1,9,4,37,28,46,2
4,2,3,10,4,41,26,3,2
4,3,1,15,4,0,20,16,1
4,3,1,8,4,56,29,30,1
4,4,5,9,4,57,26,29,1
3,3,2,9,4,4,29,36,2
4,3,2,15,4,39,29,12,1
4,3,2,18,4,55,29,20,2
1,3,2,9,4,3,22,41,1
0,3,1,8,4,37,21,43,1
7,4,2,9,4,1,23,50,2
4,2,5,9,4,29,27,29,2
9,3,1,18,4,59,29,47,2
9,3,5,9,4,4,29,36,2
4,3,2,3,4,5,29,24,0
4,2,5,10,4,37,1,24,2
7,3,1,15,0,0,29,42,2
4,1,1,8,0,35,29,51,0
15,2,3,18,4,41,3,3,2
4,3,1,18,4,41,29,50,1
4,3,2,15,0,57,27,19,0
4,3,1,9,4,28,18,41,0
4,1,1,9,0,32,29,39,1
8,2,3,18,4,37,29,3,2
10,2,1,8,4,34,4,30,2
4,4,3,9,4,24,26,29,1
32,3,1,9,4,41,25,7,1
22,3,2,15,4,66,25,0,2
2,3,1,16,4,41,3,1,2
4,2,3,16,4,37,29,2,2
7,4,2,13,4,28,26,57,2
1,3,2,15,0,12,29,29,2
4,3,5,15,4,4,28,50,1
4,3,3,4,4,41,27,30,0
8,3,1,3,4,37,29,32,1
4,4,3,18,4,0,29,30,1
7,4,1,15,4,33,29,39,2
4,3,1,13,4,38,25,2,0
4,3,1,9,4,54,29,51,1
7,3,1,6,4,59,29,3,2
25,3,2,15,4,26,29,12,1
1,3,2,9,4,0,27,7,2
4,2,10,9,0,28,29,55,2
4,2,5,9,4,21,29,35,2
1,3,2,18,4,12,29,30,2
4,4,1,18,4,0,20,50,1
9,3,2,16,4,0,5,29,2
4,3,1,18,4,54,26,20,1
8,3,2,18,4,41,1,3,1
4,3,1,9,0,26,29,55,2
4,1,2,18,4,9,29,28,0
1,3,2,10,4,0,20,53,2
4,3,4,8,4,41,20,40,1
4,3,1,15,4,39,20,57,1
0,2,1,16,4,55,29,28,1
4,1,1,9,4,6,29,2,1
4,4,1,18,4,54,29,28,2
4,2,3,9,4,28,24,55,2
4,3,2,9,4,41,24,30,1
4,3,1,6,0,41,29,50,0
1,3,2,9,4,54,19,33,1
4,0,20,10,4,41,29,30,2
9,3,1,18,4,4,29,57,2
4,3,1,18,4,37,29,10,0
2,1,1,3,0,3,16,41,1
4,2,3,15,0,41,29,57,1
4,1,1,3,4,41,21,41,0
4,3,1,13,0,19,25,22,0
4,2,3,18,4,22,29,30,2
4,2,5,18,4,7,29,36,2
1,3,2,8,4,35,29,50,1
1,2,1,11,4,33,5,39,2
7,4,3,9,4,21,29,3,2
7,3,3,13,4,9,29,28,1
4,2,5,18,4,7,29,30,2
4,3,1,15,4,42,29,20,1
17,3,2,18,0,48,29,24,1
4,2,6,9,4,57,29,45,2
4,4,3,18,0,9,18,28,1
4,3,3,16,4,40,20,23,2
7,4,3,18,0,50,28,47,2
9,3,1,9,4,22,29,30,2
13,3,1,15,4,41,3,1,1
7,1,1,15,4,26,29,50,1
10,1,1,9,4,37,16,2,1
7,4,2,6,0,41,30,41,2
7,3,5,15,4,39,28,31,2
7,1,1,3,4,21,29,29,2
4,2,5,0,4,2,30,29,2
3,3,1,13,4,54,29,50,1
4,3,2,13,4,41,29,30,1
27,3,1,18,0,35,21,50,1
7,4,2,9,0,18,29,18,2
4,3,1,11,4,39,29,18,2
4,3,2,3,0,9,29,28,0
4,4,3,9,0,28,29,30,1
0,3,2,18,4,41,29,0,2
0,2,2,13,4,55,2,57,2
1,3,2,18,4,1,16,30,1
0,4,5,9,4,39,22,12,2
1,3,2,9,4,0,29,28,1
33,4,1,18,4,17,29,28,2
3,2,2,9,0,9,29,28,2
4,3,1,15,4,12,17,20,1
7,3,1,3,4,41,29,28,1
0,3,2,15,4,12,26,20,2
0,1,1,3,4,39,20,7,0
1,4,3,9,4,66,29,3,2
7,3,2,3,4,41,20,40,2
4,3,1,15,4,56,29,53,0
4,2,4,9,4,12,29,22,2
4,3,1,9,4,40,29,12,0
4,4,1,15,4,33,24,57,1
4,4,5,9,4,57,18,57,1
20,4,2,8,4,12,29,28,2
4,4,2,15,4,18,28,30,1
13,2,1,9,0,39,19,20,2
4,4,3,9,4,14,25,20,1
9,3,1,18,4,24,29,30,2
4,3,1,8,4,53,13,50,0
21,3,5,9,4,56,11,48,2
1,3,3,3,4,39,21,3,1
7,1,1,18,4,56,29,18,2
4,4,3,9,4,22,25,22,1
0,3,2,15,4,41,8,18,1
1,3,1,15,4,24,29,51,1
20,0,3,9,4,9,29,28,2
0,3,1,9,4,4,29,48,1
4,3,1,8,4,0,9,50,0
28,4,2,4,0,13,24,12,2
1,3,1,15,4,0,10,50,2
4,2,5,9,4,39,25,29,2
8,4,5,9,4,7,29,36,2
18,2,5,18,4,29,27,0,2
4,3,3,9,4,12,25,20,2
7,3,1,13,4,5,28,48,2
4,3,1,8,4,41,21,50,1
9,3,1,15,4,41,3,1,2
7,3,5,18,4,40,29,21,2
9,3,2,18,4,56,29,30,1
4,3,3,18,4,15,29,30,0
4,0,5,9,4,14,7,45,2
7,3,1,8,0,37,29,18,1
4,0,10,13,4,58,29,30,2
32,3,1,18,3,41,29,50,0
7,3,1,10,0,33,21,39,2
4,3,2,18,4,54,29,39,1
8,2,3,10,4,41,29,12,2
4,3,2,18,0,15,21,57,0
1,4,2,15,4,35,29,57,1
8,3,2,18,4,28,28,30,2
4,4,2,15,4,0,29,30,1
7,1,1,18,4,34,29,24,1
28,3,1,13,4,0,29,57,2
25,2,2,18,4,58,25,0,2
4,3,2,9,4,13,29,22,1
4,3,1,10,4,39,19,29,1
4,2,3,9,4,28,24,55,2
7,3,5,15,0,1,28,12,2
7,3,1,18,0,42,23,24,2
4,3,2,13,4,37,20,18,1
9,4,5,10,4,0,27,57,2
9,3,3,9,4,28,28,57,2
4,2,5,10,4,3,30,29,2
4,1,1,9,4,12,26,23,1
4,3,2,9,4,12,3,23,1
4,3,2,15,4,0,22,3,1
8,3,1,15,4,26,27,30,1
8,3,1,6,4,10,29,53,1
27,3,1,13,4,47,29,46,1
4,4,1,18,4,35,29,57,1
1,3,2,15,0,0,21,50,2
1,3,2,8,4,41,20,40,2
9,3,2,9,4,56,29,24,2
9,3,1,8,4,41,29,36,2
1,3,1,3,4,35,29,57,1
26,3,2,8,0,61,29,30,1
9,3,3,9,4,12,4,29,2
7,2,3,9,4,0,29,1,2
1,3,2,18,4,54,29,24,2
32,3,1,15,4,38,7,2,0
9,1,1,15,4,54,29,24,2
10,3,2,6,0,56,23,29,1
9,3,1,9,4,12,7,20,2
23,4,1,10,4,28,29,55,2
4,3,3,9,4,41,22,18,1
28,4,2,13,4,7,29,36,2
9,3,1,18,4,54,15,50,1
4,2,3,9,4,14,28,24,2
4,1,1,8,4,38,7,2,1
0,3,5,9,4,12,17,20,2
4,3,1,9,4,56,28,7,1
4,4,3,9,4,28,29,30,1
24,4,1,18,0,17,20,40,2
4,3,2,9,0,22,27,12,1
1,2,5,0,4,37,19,33,2
9,3,1,18,4,42,29,30,1
13,4,2,8,0,56,29,50,1
7,4,2,13,4,41,29,28,1
4,3,1,9,4,53,29,24,1
4,3,1,18,4,53,8,8,1
4,4,3,15,0,11,26,23,1
1,3,2,15,4,3,27,41,1
0,4,1,8,4,41,16,41,1
4,3,1,15,4,37,21,23,1
4,3,5,13,4,56,23,21,1
33,1,1,15,4,41,29,21,1
1,3,2,16,4,0,29,18,1
4,4,2,9,4,42,29,12,2
3,4,4,9,4,12,25,20,2
4,3,1,9,4,10,29,19,1
27,4,1,15,4,40,16,30,1
11,3,1,15,4,41,3,1,1
4,3,2,15,4,38,27,41,0
4,3,1,8,4,41,29,32,1
9,3,1,9,4,0,29,57,2
1,3,3,15,4,61,4,30,2
4,3,2,6,4,23,29,28,0
7,4,2,15,4,42,29,47,2
9,3,1,9,4,38,14,2,2
1,3,2,15,4,41,4,21,2
7,3,2,13,4,19,28,18,2
18,4,3,15,4,48,27,0,1
9,3,4,11,4,33,6,39,2
1,3,1,13,4,56,29,30,1
7,3,2,15,4,41,29,50,1
4,1,1,3,0,56,28,3,0
4,4,5,9,4,32,25,41,2
0,3,3,15,4,12,9,23,2
9,3,1,8,4,2,11,24,1
9,3,2,3,0,22,28,47,2
0,3,5,18,4,12,6,20,2
4,3,1,1,0,27,29,39,1
9,3,1,6,4,42,29,9,2
4,4,3,15,4,41,21,22,0
7,3,1,15,4,5,29,48,2
9,3,1,18,4,12,29,20,2
16,1,2,18,4,56,29,31,0
4,3,1,9,4,57,13,7,1
7,3,1,9,0,57,15,50,2
1,3,2,9,4,16,29,22,2
4,0,5,18,4,37,29,30,2
4,3,2,18,4,41,30,3,1
4,4,10,9,0,22,29,55,1
9,3,3,10,4,33,6,39,2
17,4,1,15,4,38,29,41,2
7,3,2,18,4,41,29,0,2
4,1,1,15,4,12,1,50,1
4,1,1,18,4,41,30,50,1
4,3,2,15,4,42,14,21,0
7,3,1,8,4,26,29,51,1
9,4,2,15,4,39,29,47,2
7,2,3,10,4,35,29,57,2
4,3,2,16,4,61,19,29,1
7,3,1,8,4,41,29,19,1
4,3,3,8,4,56,29,24,0
4,3,3,8,4,59,29,3,1
1,4,3,9,4,28,12,8,2
9,1,1,15,4,0,29,30,1
4,4,5,9,4,12,25,41,2
4,3,1,9,4,12,28,20,1
4,3,2,8,4,9,29,28,1
7,3,2,8,4,41,29,30,2
4,2,4,9,4,57,29,30,2
4,4,5,9,4,35,13,28,1
4,3,1,15,4,37,30,57,1
9,2,1,9,4,42,29,30,2
4,3,5,15,4,0,29,50,1
0,3,3,18,4,4,28,36,1
33,4,2,15,4,54,29,28,1
23,3,1,18,4,59,29,3,1
8,4,3,15,4,39,28,55,2
10,2,1,8,4,34,4,30,2
8,3,2,9,4,1,20,4,2
4,4,5,9,4,1,28,50,1
32,3,1,15,4,22,27,30,1
4,4,3,9,4,34,28,50,1
9,3,1,15,4,12,29,20,2
7,3,2,10,4,28,19,29,2
4,3,2,8,4,12,29,20,2
27,3,1,13,4,54,13,36,1
25,3,1,3,4,65,29,3,1
4,4,2,9,4,50,25,28,1
4,3,1,9,4,1,27,57,1
13,3,1,16,4,41,3,1,1
4,3,2,6,4,57,3,22,2
4,3,2,9,0,0,28,9,1
7,3,1,15,4,12,29,20,2
9,3,1,8,0,12,29,24,1
4,2,8,9,4,57,25,29,2
9,1,1,9,4,54,29,57,1
7,2,3,16,4,0,19,29,2
4,4,3,15,4,15,29,30,1
4,4,3,10,4,0,24,50,1
1,1,1,15,4,12,29,39,1
28,3,1,3,4,65,29,37,2
4,3,1,18,4,15,4,11,0
4,3,2,15,4,39,29,4,1
7,1,1,3,4,56,17,24,1
18,3,4,9,4,38,14,2,1
1,3,1,9,3,17,29,40,2
4,3,5,10,4,14,8,18,2
4,3,1,15,4,57,12,36,1
8,3,1,15,4,26,27,30,1
7,3,1,15,4,63,15,30,2
28,2,3,10,4,0,29,30,2
4,2,5,9,4,46,13,23,2
4,4,1,18,4,0,27,47,1
7,3,2,13,4,7,29,21,2
27,3,1,8,3,3,23,41,2
8,3,1,9,4,12,6,23,2
4,3,2,9,4,12,27,53,1
4,3,2,16,4,39,5,29,1
4,3,1,9,4,40,29,12,0
9,4,5,6,0,7,29,30,2
4,3,2,9,4,10,28,57,1
4,2,2,15,4,41,26,24,2
4,3,1,15,4,41,29,28,1
7,3,2,18,4,45,29,57,2
1,3,1,9,0,10,26,23,2
13,3,3,3,4,39,21,3,1
7,3,3,9,4,24,28,30,2
7,3,1,6,4,21,29,5,2
1,3,1,15,4,21,29,30,1
4,0,2,10,4,0,29,0,2
4,3,3,3,4,61,29,50,1
7,1,1,8,0,3,26,41,2
4,3,3,18,4,9,29,28,1
7,3,2,16,4,34,29,50,2
4,4,3,9,4,1,28,7,1
0,3,1,18,4,26,4,36,1
33,4,1,18,4,17,29,28,2
4,2,3,16,4,37,25,21,2
4,3,1,8,0,41,21,18,1
1,3,2,3,4,9,29,28,0
3,3,2,8,0,3,28,41,2
4,4,2,18,4,28,29,0,1
4,3,1,15,4,37,17,41,0
4,4,3,9,4,0,9,48,1
4,1,1,13,4,37,12,30,1
4,3,1,8,4,34,29,55,1
1,3,1,18,3,34,29,21,1
1,3,1,15,4,37,29,41,1
21,2,2,15,4,9,29,28,2
4,2,2,9,4,34,29,43,1
4,4,2,18,0,41,29,57,1
9,3,2,15,4,33,29,39,2
7,3,2,3,4,22,29,30,2
21,3,2,9,0,0,11,48,2
9,4,3,15,4,0,29,52,2
4,1,1,8,0,26,24,2,0
8,0,5,15,4,21,29,52,2
4,3,1,15,4,37,29,21,0
7,1,1,9,3,33,29,39,2
4,4,2,16,4,66,29,45,1
13,3,2,3,0,15,23,57,2
23,1,1,9,4,26,20,41,1
4,3,2,15,4,56,29,7,0
9,3,1,8,4,52,29,30,1
4,3,3,9,4,54,25,7,1
33,3,1,13,0,38,25,2,1
33,3,2,18,4,30,29,28,1
1,2,3,18,4,21,28,28,2
7,3,1,13,4,34,29,0,2
4,4,7,9,0,22,29,21,2
4,4,5,10,4,12,25,20,1
9,3,3,3,4,30,29,40,1
4,3,1,18,4,42,21,50,1
4,3,2,16,0,22,1,45,2
8,3,1,8,4,41,16,41,2
4,3,2,13,3,0,29,30,1
4,3,2,9,4,37,3,23,1
4,2,5,10,4,18,21,40,2
4,3,2,9,4,39,29,55,1
4,1,1,15,4,57,29,55,0
1,3,1,3,4,37,29,28,0
9,4,2,15,4,55,28,40,2
4,3,3,9,4,57,23,29,1
7,3,1,8,4,33,29,39,1
8,2,2,15,4,41,29,41,2
4,3,2,10,4,57,19,40,1
3,3,2,13,4,8,29,28,1
4,4,2,15,4,4,13,36,1
0,2,3,9,4,37,29,24,1
0,3,2,18,4,37,22,30,1
4,3,2,9,4,42,29,39,1
0,3,1,8,0,3,23,41,1
4,3,5,3,0,15,29,24,1
9,4,3,9,4,21,14,30,2
4,4,3,9,4,21,26,29,2
2,1,1,3,0,3,16,41,1
4,3,1,18,4,54,13,28,1
4,3,1,13,0,41,27,50,0
1,3,2,13,4,0,29,18,1
4,3,3,9,4,10,25,39,1
7,3,2,15,4,39,29,57,2
4,3,2,16,4,39,20,57,2
4,3,2,8,0,54,26,57,1
4,3,1,18,4,39,29,22,1
8,2,3,9,4,59,12,3,2
0,3,1,8,4,12,29,30,2
1,3,1,9,4,41,29,34,2
4,3,2,8,0,39,28,30,1
4,4,5,3,4,59,23,29,1
1,3,1,18,4,41,29,22,2
4,4,3,15,4,12,27,23,2
4,2,5,16,4,7,19,29,2
0,3,1,8,4,39,28,7,1
4,3,1,3,4,56,29,28,0
1,3,5,15,0,21,26,57,2
3,3,1,18,4,17,29,40,2
8,3,1,18,0,56,29,30,2
4,1,1,18,4,42,29,8,0
7,3,1,15,4,33,28,39,1
4,1,1,9,4,14,23,29,1
4,3,2,3,4,41,21,3,1
7,1,1,15,4,34,29,30,2
4,2,3,9,0,40,29,24,2
9,3,1,8,4,7,29,21,1
17,4,2,8,4,9,24,28,1
4,3,2,9,4,12,29,23,2
1,3,1,3,4,30,29,40,0
7,4,3,9,4,28,29,29,2
4,3,1,18,4,51,6,8,1
4,4,2,9,4,12,29,35,1
4,3,1,15,0,56,5,40,0
4,4,5,16,4,37,28,57,1
33,3,2,18,4,30,29,28,1
4,3,2,10,4,4,29,51,1
20,3,5,8,4,12,29,28,2
1,3,2,18,4,10,29,39,2
4,3,2,9,0,18,25,40,1
4,3,2,13,4,37,28,30,1
0,4,2,9,4,39,26,20,2
4,3,1,13,4,55,29,43,0
4,1,1,3,4,22,29,28,0
4,4,3,9,4,35,29,29,2
4,1,1,9,4,41,20,39,1
4,3,1,9,1,19,26,29,1
4,3,2,13,4,32,20,18,0
4,3,2,18,4,12,23,22,1
4,4,6,9,4,40,29,20,2
4,3,2,16,4,39,19,29,2
4,3,2,18,4,34,15,30,1
4,3,3,18,4,12,29,20,1
33,3,2,9,4,41,22,48,2
4,2,5,18,4,34,29,57,1
4,3,2,16,4,40,29,23,2
1,4,3,9,4,18,29,18,2
7,3,1,8,4,41,16,41,2
4,3,2,9,4,33,29,39,1
20,3,5,8,4,12,29,28,2
0,3,1,3,4,9,29,29,1
4,3,1,10,4,56,28,45,2
4,3,1,4,4,41,29,7,1
8,3,2,18,4,22,29,24,1
9,1,1,18,4,42,29,24,1
7,3,1,15,0,3,26,41,1
27,3,1,8,3,3,23,41,2
12,2,10,11,4,7,29,45,2
9,3,1,18,4,59,29,47,2
4,2,8,10,4,57,7,40,2
4,4,2,15,4,57,22,21,1
20,3,1,8,4,12,29,28,2
27,1,1,9,4,37,16,2,1
7,3,1,9,0,19,29,18,2
9,3,2,15,4,41,29,30,2
4,2,5,9,4,41,27,57,2
4,3,1,8,4,54,29,35,1
4,3,1,3,0,56,29,45,0
7,4,5,15,4,7,27,30,2
4,3,1,15,4,35,28,50,0
8,3,1,9,4,0,20,4,1
4,3,1,8,4,41,20,50,1
4,2,3,9,4,12,29,50,2
20,3,1,8,4,41,24,29,1
4,3,1,18,4,0,8,40,1
4,3,2,8,4,41,25,7,1
20,3,5,8,4,12,29,28,2
4,3,1,13,4,56,29,55,1
20,3,1,8,4,12,29,28,2
4,4,3,13,4,12,29,20,2
4,2,2,9,4,10,9,41,2
2,3,1,16,4,41,3,1,2
32,3,2,13,4,66,29,55,1
1,3,2,9,0,10,29,4,2
1,3,1,13,4,19,24,57,1
4,3,2,13,4,37,29,8,1
7,1,1,3,4,22,29,21,1
4,3,1,9,0,34,29,0,1
4,3,3,13,4,12,26,29,1
10,2,2,15,4,41,29,41,2
33,2,5,8,4,19,29,28,2
7,4,3,9,4,21,29,47,2
4,3,1,16,4,39,19,29,1
4,2,3,9,4,57,17,29,2
4,3,1,15,4,12,29,20,1
9,2,5,9,4,21,12,31,2
4,2,3,10,0,12,27,23,2
4,0,15,9,4,39,24,28,2
4,3,3,9,4,0,29,52,1
7,3,2,18,4,23,21,28,2
7,3,2,15,4,54,16,35,2
4,4,2,9,4,43,29,45,1
4,3,1,3,4,28,21,50,0
0,2,2,18,4,37,29,28,2
4,3,2,3,4,41,3,12,0
4,4,5,9,4,34,27,41,2
4,4,1,9,4,39,26,29,1
1,4,3,9,4,35,5,30,2
1,3,1,8,4,22,29,30,1
33,3,1,18,4,12,17,3,1
4,3,2,8,4,4,29,36,1
1,3,1,13,4,61,29,24,1
4,3,1,18,4,57,5,28,1
27,3,1,8,4,41,24,29,1
4,3,2,18,0,12,4,20,2
4,3,1,8,4,22,29,57,1
0,3,2,9,4,26,29,55,1
9,1,1,8,4,3,21,41,1
4,3,3,15,4,34,24,57,1
4,2,3,18,4,28,27,55,2
9,3,1,3,4,39,29,30,1
1,2,5,9,4,21,29,36,1
4,3,1,18,4,15,29,43,0
8,3,3,15,4,20,29,36,2
4,4,3,9,0,28,29,30,1
30,2,5,9,4,41,20,57,2
9,3,2,9,0,57,22,30,1
1,3,3,5,0,39,27,12,1
9,3,1,18,0,56,3,33,1
7,3,2,18,4,5,29,48,2
7,3,1,16,4,12,4,20,2
18,3,2,15,4,38,27,41,1
9,3,1,18,4,41,24,21,1
4,2,3,9,4,1,22,55,2
4,2,3,9,4,35,1,50,2
3,1,1,8,2,26,12,48,0
31,4,3,15,4,21,16,28,1
4,4,5,9,4,39,16,29,2
9,2,1,9,4,42,9,57,2
4,3,2,8,4,12,20,23,2
4,4,3,9,0,60,29,30,0
4,4,7,13,4,12,24,20,2
9,3,1,15,4,41,3,1,2
4,3,2,9,4,39,19,18,1
4,1,1,8,0,41,28,43,0
7,3,2,15,4,61,25,57,2
4,2,5,18,4,2,23,20,2
1,3,2,15,4,34,28,50,2
4,2,6,9,4,18,24,5,2
4,3,1,9,4,0,15,30,1
1,4,2,18,4,21,29,30,2
4,4,7,9,4,12,1,20,2
4,2,3,9,4,0,29,1,1
4,3,1,15,0,62,28,19,1
4,4,5,9,4,57,27,47,2
7,3,1,16,4,37,29,30,2
1,3,7,18,4,54,29,24,2
4,3,1,15,0,52,26,55,1
10,3,1,9,0,33,25,39,1
4,3,2,16,4,0,27,20,1
1,2,5,9,4,21,29,3,2
4,3,3,9,4,1,27,41,1
20,3,1,8,4,41,24,29,1
7,3,1,3,0,15,29,51,1
1,2,5,10,4,21,29,30,2
28,1,1,15,4,38,7,2,1
4,3,2,9,0,34,29,50,1
9,3,2,8,4,24,26,36,2
7,2,1,9,4,36,29,50,2
9,1,1,9,4,65,14,30,2
1,1,1,15,0,50,29,30,1
4,3,2,3,4,25,30,42,0
4,3,2,9,4,10,28,20,2
1,3,3,8,4,39,24,50,1
4,3,1,9,1,12,26,29,2
9,3,1,3,4,28,14,57,1
7,3,1,13,4,5,29,48,1
33,0,1,8,4,58,29,28,2
7,3,2,9,4,41,29,3,1
7,3,2,16,4,21,19,29,2
4,2,5,18,4,37,24,1,2
7,3,1,13,0,57,29,30,2
4,3,2,16,4,4,30,28,1
1,3,1,15,4,10,29,20,1
0,3,1,15,4,34,29,30,1
7,2,5,9,4,24,29,29,2
4,4,2,9,4,12,27,50,2
1,3,1,3,4,59,29,3,1
4,3,3,9,4,0,29,22,1
4,3,1,9,4,10,29,24,0
7,4,2,6,0,41,30,41,2
4,3,3,18,0,7,29,21,0
4,3,1,16,0,12,15,29,2
7,3,2,15,4,38,27,41,2
4,3,2,8,4,54,11,52,0
27,2,3,10,4,58,20,16,2
8,2,4,10,4,21,29,30,2
4,0,5,11,4,57,5,29,2
4,3,3,11,4,0,29,45,2
4,3,1,8,0,41,29,57,0
4,3,2,9,4,41,24,40,1
7,3,4,9,4,38,14,2,2
4,3,1,15,4,28,27,28,1
4,2,3,15,4,37,17,24,1
6,3,2,18,4,9,27,28,1
4,3,2,10,4,57,12,22,1
4,3,1,3,4,56,29,51,0
1,3,2,15,4,42,29,39,2
8,3,1,8,4,41,24,29,2
1,2,2,10,4,55,29,50,1
4,3,1,9,4,56,25,2,1
4,3,1,9,4,0,16,1,0
4,4,3,9,4,12,29,30,2
7,4,5,16,4,23,19,29,2
9,3,1,15,4,37,29,41,1
9,2,3,15,4,38,17,24,2
0,3,1,8,4,37,21,43,1
1,3,2,18,4,57,29,50,2
4,3,2,9,4,0,2,51,1
4,3,1,13,4,41,7,20,1
33,0,5,16,4,37,29,28,2
33,2,5,8,4,37,29,28,2
4,4,3,18,4,41,1,28,1
9,4,3,15,0,41,16,50,2
7,3,1,15,4,39,25,0,2
33,3,2,16,4,35,29,28,2
0,3,1,9,4,4,29,21,1
4,4,12,10,4,7,29,23,2
4,3,1,15,4,37,18,20,1
7,4,3,9,4,57,28,30,2
7,3,1,15,4,1,29,44,2
4,4,3,10,4,29,29,45,2
1,3,2,15,4,39,29,29,2
7,2,3,9,4,35,29,50,2
4,4,3,9,4,34,18,7,1
4,3,1,9,4,37,23,18,1
24,4,5,15,4,37,29,40,1
4,4,3,16,4,12,29,24,2
33,3,1,3,4,54,29,56,1
4,3,1,15,0,56,29,21,1
7,2,5,9,4,59,28,55,2
4,3,2,3,4,59,8,30,1
4,3,3,18,4,14,27,22,1
12,2,5,11,4,66,29,45,2
4,1,1,3,4,54,29,42,1
7,2,3,15,4,54,20,18,2
9,3,2,4,4,39,29,24,2
4,4,1,15,4,3,14,3,1
4,4,2,15,4,23,29,50,1
4,3,2,15,0,56,29,53,1
4,3,2,10,4,54,16,42,1
4,3,3,18,4,7,29,35,1
4,3,2,18,0,36,21,57,0
7,3,1,15,4,12,11,20,2
7,3,2,15,0,22,28,47,1
7,1,1,15,4,41,25,42,2
20,4,3,8,4,0,29,28,1
4,2,5,9,4,28,26,29,2
4,2,3,15,4,37,17,24,1
4,3,1,8,4,37,3,39,1
0,3,2,11,4,12,4,10,2
7,3,1,3,0,41,29,48,1
7,3,1,15,0,56,26,18,1
2,1,1,3,0,3,16,41,1
4,4,2,9,3,37,6,2,1
7,4,3,9,4,23,29,47,2
4,3,2,15,4,41,16,41,1
9,3,2,15,4,0,3,45,2
0,4,2,16,4,41,29,7,2
7,3,2,8,4,12,29,20,2
1,3,1,13,4,0,29,22,1
7,3,1,18,0,42,23,24,2
1,4,3,18,4,22,24,57,1
4,2,4,9,4,41,29,29,2
9,3,2,8,4,40,21,12,2
4,3,2,9,4,39,29,22,1
8,4,1,15,4,21,29,30,1
4,3,1,8,4,39,29,57,1
7,3,2,15,0,22,28,47,1
9,3,1,15,4,41,3,1,2
4,3,2,15,0,56,29,30,1
1,3,1,9,4,12,6,20,2
1,1,1,8,4,54,24,57,1
4,3,4,8,4,11,1,19,0
1,3,1,16,4,33,28,39,1
0,4,2,15,4,34,30,34,1
4,3,1,13,4,56,24,7,1
23,3,1,18,4,42,29,57,0
0,1,1,18,4,7,29,36,1
8,3,1,13,4,41,29,20,1
0,3,3,15,4,12,9,23,2
4,1,2,8,4,0,29,57,1
6,3,3,13,4,7,29,30,2
4,3,1,15,4,41,29,24,1
4,4,3,18,4,55,29,35,1
4,4,2,18,4,59,21,3,1
4,3,2,15,4,12,29,20,1
9,3,1,4,4,41,7,50,1
7,4,5,18,0,0,29,21,2
2,3,1,9,0,42,29,29,2
1,3,1,15,4,1,22,21,1
7,3,2,9,4,24,29,30,2
4,2,5,9,4,57,26,29,2
4,3,1,8,4,34,29,28,1
4,3,2,15,4,42,14,21,0
9,3,3,15,4,7,29,21,2
33,3,2,15,4,37,13,39,2
4,2,5,18,4,28,26,55,2
1,4,3,18,4,36,7,23,2
28,1,1,15,4,38,7,2,1
7,4,1,13,4,48,23,40,2
4,2,3,9,4,0,29,30,1
15,3,2,3,4,41,14,21,1
4,2,3,9,4,9,3,57,1
7,4,3,9,4,0,30,30,2
4,2,10,10,4,57,25,21,2
4,2,3,9,4,37,29,20,1
4,3,3,15,4,37,27,30,0
4,1,1,9,4,12,27,30,1
4,3,1,15,4,42,14,2,1
10,3,1,8,3,34,4,30,1
4,2,1,18,4,22,24,4,2
4,3,1,16,4,40,29,11,2
1,1,1,8,8,23,29,30,1
7,4,2,15,4,12,29,55,2
27,4,2,8,4,41,1,57,1
8,3,3,18,4,37,29,50,1
4,3,2,9,4,39,19,18,1
4,2,3,9,4,12,29,41,2
4,4,3,18,4,38,29,52,1
4,3,2,13,4,40,29,12,1
16,3,2,15,4,38,14,2,1
4,3,1,10,4,12,29,23,1
7,3,1,9,4,54,29,51,2
4,2,5,9,0,53,28,43,2
13,2,1,9,0,39,19,20,2
26,3,2,8,0,61,29,30,1
17,2,2,15,4,41,29,41,2
4,3,1,16,4,0,28,55,1
4,3,1,9,4,3,6,41,1
9,2,6,10,4,57,29,30,2
4,3,2,18,0,39,25,57,1
4,3,1,8,4,4,29,18,1
1,3,1,18,4,54,29,30,1
7,4,5,16,4,34,11,48,2
4,3,1,15,4,62,29,53,1
4,1,1,15,0,42,29,41,0
4,3,3,9,4,3,29,41,1
33,0,5,16,4,37,29,28,2
4,3,3,9,4,41,29,55,1
4,1,1,18,4,33,29,39,1
4,3,2,9,4,22,14,20,1
23,3,1,18,4,59,29,3,1
7,4,5,15,0,59,29,30,2
9,1,1,8,0,56,29,30,2
32,1,1,3,4,41,29,57,1
32,3,2,9,4,40,27,12,1
7,3,3,9,4,14,29,30,2
3,3,1,8,4,41,23,57,1
9,3,1,9,4,52,12,50,1
4,4,3,9,4,10,21,30,1
4,3,5,9,4,26,29,29,2
9,3,1,15,4,0,29,24,2
7,2,7,9,4,21,29,30,2
4,3,1,10,0,57,1,24,1
8,4,5,9,4,57,27,47,2
4,2,5,18,0,0,29,21,2
27,3,2,9,0,0,17,12,1
13,2,15,9,4,57,29,29,2
1,4,5,9,4,21,29,30,2
9,3,5,9,4,40,29,57,2
1,3,2,9,4,57,26,39,2
33,3,2,18,4,22,29,28,1
4,2,2,15,4,9,29,28,1
9,3,1,8,4,10,29,53,1
4,4,2,13,4,12,23,57,2
4,3,3,15,4,37,27,30,0
33,0,1,8,4,58,29,28,2
20,3,3,8,4,12,29,28,1
4,2,5,18,4,39,10,57,2
4,2,2,13,4,42,1,40,1
12,3,1,6,4,26,28,4,1
4,3,1,9,4,28,27,20,1
9,3,2,9,0,32,29,30,2
7,4,3,15,4,21,29,30,2
4,2,2,9,4,57,12,23,2
0,4,5,9,4,39,22,12,2
7,3,3,18,4,40,29,30,2
7,3,5,8,4,21,29,15,2
33,3,1,16,4,40,29,5,2
4,3,2,18,4,57,29,45,0
9,3,1,15,4,41,3,1,2
4,4,1,13,4,21,27,50,1
4,4,3,9,4,0,29,24,1
4,3,1,15,4,40,2,20,1
33,3,1,15,3,33,13,39,1
17,3,1,15,4,38,14,2,1
4,2,5,15,4,57,18,3,1
9,3,2,3,0,28,28,47,2
27,4,5,9,4,62,30,20,2
7,3,1,15,4,10,29,20,2
4,2,7,11,4,1,5,29,2
2,3,1,16,4,41,3,1,2
4,2,5,16,4,0,19,29,2
4,3,1,16,4,39,9,20,1
9,3,1,15,4,41,3,1,2
7,4,1,15,0,59,23,7,2
4,2,1,15,4,9,27,28,1
9,4,3,15,4,37,29,7,2
4,3,2,15,4,0,25,30,0
1,4,5,9,4,57,29,30,2
7,1,1,3,4,0,29,24,1
1,3,3,5,0,39,27,12,1
2,3,1,16,4,41,3,1,2
9,3,2,13,4,34,10,50,1
4,4,2,8,4,7,29,36,1
4,2,10,10,4,37,29,30,2
7,3,3,9,4,0,29,30,2
4,2,3,15,4,41,20,18,1
33,3,2,15,4,56,29,7,1
7,4,2,9,4,37,29,48,2
1,3,1,13,4,61,29,30,1
4,1,1,16,4,5,4,57,2
4,4,3,9,0,40,29,53,1
4,3,3,9,4,2,25,41,1
4,3,2,15,4,38,27,41,0
9,3,2,8,4,41,7,50,1
4,3,1,18,4,42,29,0,0
4,1,1,8,4,35,3,22,2
10,3,1,15,0,38,28,2,1
4,2,5,16,4,10,19,29,2
4,3,1,9,4,33,29,39,1
4,0,5,18,4,40,29,30,2
7,3,2,9,4,38,14,2,2
4,3,1,13,4,34,29,28,0
0,3,1,15,4,40,29,53,2
13,3,2,18,4,13,29,30,2
3,1,1,13,4,26,24,57,1
7,3,2,8,0,3,28,41,2
9,4,2,15,4,41,15,15,2
1,3,1,9,4,54,30,43,1
0,3,2,10,4,54,3,36,1
4,3,4,8,4,11,1,19,0
4,3,5,18,4,12,18,23,2
4,3,2,9,0,9,13,46,1
9,3,1,9,4,34,13,50,2
27,3,2,18,4,38,27,41,1
11,3,1,3,4,62,27,53,0
7,4,2,9,4,12,1,41,2
33,0,1,8,4,58,29,28,2
7,3,3,9,4,22,25,57,2
4,2,5,9,4,57,29,30,2
7,3,2,7,0,41,29,57,2
8,3,1,15,4,66,29,52,1
4,3,2,15,0,38,18,2,1
4,2,4,10,4,39,29,53,2
4,3,2,9,4,12,29,50,1
4,2,5,10,4,0,29,0,2
4,3,3,15,4,37,27,30,0
4,2,5,10,4,7,29,21,2
3,1,1,13,4,0,29,28,1
4,3,2,9,0,35,28,50,1
4,3,2,18,4,56,29,24,0
7,1,1,13,4,5,4,48,2
1,1,1,9,4,12,29,3,1
4,3,1,15,4,56,12,22,1
0,3,1,3,4,9,29,29,1
4,3,2,3,4,39,29,42,0
9,1,2,13,0,10,22,30,2
8,3,1,13,8,65,29,30,1
4,3,1,18,0,41,28,55,0
4,4,3,18,4,1,29,0,1
33,4,1,18,4,17,29,28,2
7,1,1,9,4,37,16,2,2
7,2,3,9,4,39,29,55,2
7,3,1,15,4,61,27,0,2
0,3,1,15,4,33,5,39,2
4,3,1,11,4,41,11,3,1
8,4,3,13,4,37,7,30,2
4,3,2,15,0,12,29,18,1
4,3,1,8,4,54,29,18,1
1,4,1,16,4,22,29,50,2
4,2,5,9,4,0,29,30,2
13,4,5,9,4,40,25,29,2
4,1,1,9,4,43,20,2,0
9,1,1,9,4,38,26,41,2
4,2,3,18,0,0,29,30,2
4,3,1,8,4,41,29,50,1
33,2,5,8,4,19,29,28,2
0,4,3,9,0,0,29,55,1
1,3,1,3,4,56,29,47,1
4,2,4,10,4,57,19,29,2
1,3,1,10,4,29,26,26,1
4,3,3,6,4,37,29,57,1
4,2,5,9,4,37,28,29,2
4,2,5,8,4,9,29,28,1
1,4,4,9,4,54,9,8,2
4,4,5,18,4,9,27,28,1
9,3,1,9,4,54,13,50,2
32,3,1,8,4,39,28,7,1
4,3,2,3,4,41,21,28,1
7,3,2,18,4,61,18,22,2
4,3,1,13,4,26,29,55,1
33,0,1,8,4,58,29,28,2
1,3,1,15,4,37,29,30,1
32,3,1,8,4,41,16,41,1
12,1,1,9,4,0,12,0,1
4,3,5,8,4,22,29,53,1
4,3,3,18,4,14,27,30,1
1,3,1,13,0,37,29,0,1
1,4,2,18,4,0,29,30,2
4,2,1,18,4,55,29,57,2
4,3,2,3,4,26,4,57,0
1,3,1,13,4,61,22,37,2
9,1,1,18,0,3,28,29,1
10,3,1,3,0,41,29,3,1
4,1,1,9,4,17,17,18,2
4,4,3,15,4,7,29,21,1
10,2,3,9,4,42,26,30,2
4,3,2,9,4,55,29,18,1
1,3,1,13,4,22,29,28,1
4,1,1,8,0,41,28,43,0
4,3,3,3,4,41,27,7,1
4,0,10,10,4,1,29,30,2
4,3,2,6,0,28,26,30,1
4,3,2,8,4,61,25,22,0
27,2,5,18,4,9,29,21,1
8,3,1,6,4,37,17,41,1
9,3,1,18,4,54,29,52,1
4,3,1,15,0,28,29,53,1
4,4,3,9,4,40,28,29,2
7,3,1,18,0,21,29,30,2
20,0,2,8,4,57,29,28,2
4,2,3,9,4,41,29,57,2
10,3,2,7,4,39,21,30,1
10,3,1,8,3,34,4,30,1
4,3,2,18,4,41,30,42,0
4,3,1,15,4,56,25,22,0
4,4,2,15,0,57,26,57,1
7,3,2,15,4,24,6,23,2
4,4,10,10,4,29,29,10,2
9,3,1,9,4,12,29,8,2
8,3,1,16,4,0,29,53,1
4,3,1,13,4,39,12,7,1
4,3,2,15,4,18,26,18,1
4,3,1,9,4,43,29,20,0
4,3,1,18,4,30,5,18,0
27,3,1,9,0,7,29,21,1
22,1,1,13,4,65,29,18,1
0,3,1,15,4,33,5,39,2
8,2,5,9,4,12,29,26,2
1,4,3,8,0,9,5,55,2
6,4,5,16,0,18,21,28,2
12,3,3,15,4,46,29,45,2
4,3,3,18,4,3,29,12,2
4,3,3,9,4,56,29,30,2
7,4,5,15,4,50,28,57,2
1,4,2,9,4,24,23,30,2
4,2,5,18,4,34,18,3,1
3,3,2,9,4,57,29,50,1
9,3,1,18,4,37,29,21,1
4,3,1,6,4,41,29,50,1
33,0,5,16,4,37,29,28,2
7,3,2,10,4,12,29,57,2
1,3,2,9,4,54,19,33,1
7,1,1,8,0,7,29,36,1
1,3,2,3,4,59,29,12,2
4,3,2,9,4,32,21,23,1
4,3,1,15,4,38,14,2,0
0,3,7,15,4,61,29,21,2
8,1,1,15,4,3,23,41,1
7,3,5,6,4,59,29,37,2
4,3,1,9,4,34,29,24,1
4,3,1,15,4,27,29,50,1
4,3,1,15,4,37,28,24,1
4,3,3,18,0,39,29,29,1
7,1,1,13,4,21,28,30,2
3,2,3,10,4,37,29,47,2
1,3,3,9,4,0,29,57,2
4,4,5,9,4,57,27,47,2
4,3,2,18,4,12,17,23,2
4,3,4,9,4,37,21,29,1
4,2,3,13,0,30,29,40,1
33,3,2,18,4,30,29,28,1
9,3,1,15,4,37,29,30,2
4,2,5,18,4,3,24,50,2
13,3,1,8,4,41,29,50,1
4,3,1,10,4,12,9,22,2
4,4,5,9,4,40,9,12,1
1,2,5,10,4,29,19,29,2
3,3,1,9,4,39,9,23,2
4,3,3,18,4,1,29,55,1
20,3,1,8,4,41,24,29,1
4,3,1,18,0,7,29,23,0
4,4,2,9,4,0,23,28,1
9,2,5,9,4,64,27,46,2
4,3,2,8,0,40,17,21,2
4,3,1,18,4,30,29,40,0
9,3,1,8,4,41,16,41,2
4,4,1,9,4,53,17,51,1
0,3,2,18,0,26,29,9,1
1,3,1,8,4,41,29,24,1
7,4,2,18,4,41,25,30,2
4,3,2,15,4,40,13,23,1
7,3,3,16,4,1,19,29,2
9,3,2,15,4,1,29,57,2
4,3,1,15,4,12,29,23,2
4,3,3,6,4,7,29,21,1
9,3,1,6,4,34,29,57,2
4,3,1,9,0,57,29,22,0
7,3,3,15,4,7,28,48,2
7,3,3,3,0,61,29,30,2
1,0,7,10,4,21,29,18,2
5,3,1,8,4,3,16,41,0
1,3,2,8,4,40,29,7,2
11,3,1,18,4,57,29,47,1
4,3,1,3,4,65,29,57,0
1,3,2,9,4,38,14,2,1
10,3,1,3,0,41,29,3,1
1,3,1,18,4,56,30,30,1
7,4,2,16,4,12,29,42,2
4,3,2,9,4,4,8,51,1
4,3,2,15,4,12,29,20,1
33,4,5,10,4,0,29,24,2
9,3,2,15,4,0,21,29,2
4,0,15,9,4,22,29,30,2
1,3,1,8,4,10,29,48,1
9,1,1,18,4,42,29,24,1
7,3,2,9,4,22,29,21,2
4,4,2,18,4,41,28,7,1
4,3,2,9,4,57,29,39,1
4,4,5,10,4,1,26,57,1
7,3,1,13,4,41,23,35,1
33,1,1,8,4,56,29,24,1
33,3,2,15,4,12,2,43,2
20,0,5,8,4,0,29,28,2
4,3,1,8,4,0,1,57,1
27,3,1,8,3,3,23,41,2
4,2,10,10,4,12,19,29,2
4,3,1,3,0,15,29,39,0
4,4,3,9,0,28,29,30,1
4,3,2,9,4,39,21,29,1
10,3,2,15,4,48,29,30,2
17,3,2,15,4,38,27,41,1
7,2,5,10,4,22,19,29,2
4,3,1,9,4,57,7,40,1
4,3,2,9,4,37,29,55,1
7,3,3,16,4,0,19,29,2
4,3,1,8,4,41,24,29,1
0,3,1,18,4,54,29,8,2
4,3,1,8,0,3,19,41,1
4,3,2,13,4,22,30,42,0
4,3,1,18,0,0,29,57,0
2,2,3,15,4,46,29,45,2
4,3,1,9,4,3,6,41,1
30,1,1,18,0,41,25,3,1
1,3,1,18,4,3,22,41,1
4,0,3,9,0,14,28,57,2
7,3,3,13,4,59,23,29,2
4,3,2,18,4,9,29,28,0
4,3,2,9,4,63,24,55,2
20,0,2,8,4,57,29,28,2
8,4,3,15,0,4,29,36,2
4,2,2,9,4,39,21,43,2
4,3,1,9,4,4,22,57,0
3,1,1,3,0,15,21,22,0
4,3,3,18,4,1,30,20,2
8,3,1,15,4,17,29,18,2
0,4,3,9,4,12,21,18,2
2,3,1,16,4,41,3,1,2
4,4,5,9,4,46,29,30,1
7,3,2,15,0,22,28,47,1
7,1,1,3,4,21,29,29,2
9,2,3,9,4,35,29,30,2
7,3,1,3,4,34,29,28,1
4,4,3,9,4,37,29,50,1
0,2,3,9,4,12,27,20,2
4,3,3,10,4,12,16,20,2
4,2,2,9,4,39,23,29,2
7,3,2,3,0,21,29,30,2
33,3,1,8,0,11,29,24,1
4,2,3,15,4,37,2,24,2
8,3,1,18,4,21,28,30,1
13,4,3,15,4,28,23,55,2
9,4,5,9,4,66,23,30,2
4,2,2,10,4,24,29,28,0
4,1,1,9,4,61,2,7,1
1,4,3,16,4,12,17,20,2
4,3,1,8,4,54,29,50,0
4,3,2,3,4,41,29,57,0
4,3,2,3,4,11,7,19,0
7,4,1,8,4,59,29,11,2
4,3,3,3,4,41,27,7,1
7,1,1,3,4,34,29,50,1
4,3,2,9,4,1,28,29,1
4,3,2,9,4,28,29,55,1
1,3,3,9,4,4,28,36,1
0,4,3,15,4,22,24,50,2
20,0,5,8,4,0,29,28,2
0,3,1,3,4,56,29,48,1
8,3,1,18,4,37,29,28,1
4,4,2,9,4,28,22,55,1
9,4,2,9,4,0,23,22,2
4,4,3,18,4,38,24,1,2
4,3,2,15,4,56,29,18,1
4,3,1,4,4,42,21,50,1
20,0,5,8,4,0,29,28,2
4,3,1,15,4,0,27,28,2
1,3,1,15,4,19,29,18,2
4,3,1,3,4,0,1,57,1
29,2,3,13,4,23,1,55,2
1,3,2,9,4,0,29,50,2
11,3,1,15,4,41,3,1,1
4,1,1,15,2,28,28,30,0
4,3,2,9,4,54,29,40,1
4,3,1,9,0,56,24,12,1
4,1,1,8,4,35,3,22,2
4,3,1,18,4,41,26,52,0
13,4,5,9,4,40,25,29,2
7,3,3,3,4,42,29,50,2
4,1,1,13,0,11,29,20,0
4,3,3,15,4,42,28,23,1
4,3,1,10,4,12,29,30,1
4,2,3,18,4,12,29,20,2
8,4,5,8,4,61,29,30,2
4,3,2,9,4,12,29,57,1
4,2,3,1,4,37,19,29,2
4,3,1,9,4,34,29,50,1
1,4,3,15,4,0,29,28,2
4,1,1,9,4,4,29,36,0
11,4,2,9,4,10,27,45,2
20,3,1,8,4,12,29,28,2
4,3,5,11,4,10,5,29,1
33,3,1,18,4,30,29,28,1
9,3,3,13,4,54,29,30,1
4,3,1,13,4,34,29,34,1
4,3,1,18,4,40,26,12,1
23,3,1,18,4,42,29,57,0
4,2,5,9,4,39,25,29,2
7,1,1,18,8,12,29,24,2
4,3,1,13,4,56,29,33,1
4,4,3,18,4,12,28,50,1
9,3,2,3,0,0,22,12,2
7,4,2,16,4,22,19,29,2
4,2,10,9,0,21,26,29,2
7,3,3,3,4,15,29,57,2
4,4,3,10,4,35,28,47,2
8,4,2,15,4,0,29,30,1
4,3,1,16,0,41,15,50,1
4,3,1,8,4,56,24,57,0
9,2,3,15,4,38,17,24,2
31,4,3,15,4,9,16,28,1
4,3,2,10,4,12,16,20,2
23,2,3,13,4,41,29,57,1
9,3,1,9,4,34,29,30,1
8,3,1,18,0,12,29,50,2
4,2,5,10,4,32,21,23,2
13,3,1,15,4,41,3,1,1
28,4,2,16,4,46,29,45,2
4,3,2,16,0,12,15,29,2
0,2,5,16,4,12,9,23,2
7,3,1,8,4,3,29,41,1
1,4,1,9,4,57,14,4,1
8,3,1,5,4,37,27,9,2
1,3,2,9,4,12,28,20,2
23,3,1,18,4,42,29,57,0
4,2,3,15,4,37,30,12,1
4,3,1,18,4,34,18,57,1
7,3,1,3,0,24,21,47,1
10,1,1,8,4,56,29,28,0
7,4,2,18,4,49,22,18,1
4,2,3,10,4,10,5,20,2
4,4,5,10,4,1,29,30,2
1,2,5,10,4,37,29,47,2
4,3,3,3,4,59,9,12,0
4,3,1,9,4,39,24,43,1
1,3,1,3,4,41,14,21,1
4,3,1,10,4,12,25,20,1
14,3,1,8,4,41,28,4,1
4,3,1,9,4,0,20,20,1
4,3,1,18,4,26,29,35,1
4,3,5,16,4,12,15,23,1
7,3,2,18,4,56,29,30,2
9,3,1,15,4,64,29,40,2
4,3,3,9,4,54,27,50,1
1,3,1,15,4,34,29,51,1
7,3,1,15,4,12,28,20,2
4,2,5,9,4,2,10,2,2
4,3,2,9,4,12,1,20,2
1,3,2,18,4,39,8,57,1
4,2,2,9,4,3,7,41,2
9,3,1,3,0,12,6,42,2
27,3,1,15,4,56,29,3,1
9,2,2,9,4,35,27,28,2
7,3,1,6,4,42,19,6,1
9,3,2,9,4,37,29,31,2
0,3,1,8,4,37,21,43,1
4,3,2,9,4,28,14,55,1
4,3,2,9,4,34,29,50,1
4,3,2,8,4,22,29,21,1
7,1,1,18,4,22,28,30,1
4,4,3,9,4,0,28,7,1
4,3,1,8,0,14,28,53,0
8,4,2,9,4,22,28,30,2
4,3,2,8,4,41,14,21,1
20,3,1,8,4,41,24,29,1
7,4,5,15,0,59,29,30,2
9,2,6,10,4,57,29,30,2
9,3,2,15,4,37,29,23,1
9,4,1,9,4,0,29,30,2
30,3,3,15,4,41,8,18,0
7,3,2,3,4,41,29,3,2
4,1,1,18,4,38,29,41,1
17,3,1,8,4,41,16,41,1
4,1,1,6,4,56,29,24,0
31,2,5,15,4,9,16,28,2
4,3,1,13,4,54,29,51,1
4,1,1,13,4,61,28,50,1
4,3,1,9,4,53,29,20,1
18,3,2,15,4,38,7,2,1
31,3,1,8,4,41,16,41,1
9,3,1,3,4,37,25,3,2
4,3,2,8,4,40,29,21,1
4,1,1,15,4,0,16,2,1
4,3,3,9,4,40,29,57,1
4,3,2,8,4,12,16,20,1
4,3,2,15,4,26,29,19,1
4,1,1,15,0,41,27,28,1
4,3,1,3,4,15,29,24,0
1,4,3,10,4,0,27,50,2
4,2,3,18,4,29,28,45,2
4,3,1,15,4,55,24,4,2
9,3,2,9,4,33,29,39,2
4,4,3,10,4,32,28,50,1
4,3,1,3,4,41,29,29,1
4,3,2,8,4,54,29,51,2
8,3,1,18,4,54,29,52,1
9,3,1,3,4,41,29,28,2
4,3,1,15,4,0,29,30,1
7,3,1,15,4,40,29,12,2
7,3,3,9,4,3,22,41,2
11,3,1,9,4,17,26,40,2
4,3,1,15,4,56,29,22,0
1,4,3,9,4,10,12,28,2
4,4,2,15,0,57,29,28,0
4,3,1,15,4,42,20,57,1
33,3,1,9,4,12,29,20,2
0,2,5,9,4,38,1,41,2
25,1,1,13,4,9,29,28,1
4,4,3,18,4,43,29,29,1
11,3,3,11,4,57,29,45,2
28,1,1,15,4,38,7,2,1
28,3,1,15,4,38,14,2,1
4,3,1,3,4,35,26,19,0
4,3,1,16,4,35,29,24,0
0,2,5,18,4,34,29,30,2
1,3,3,9,4,0,3,12,2
7,3,1,9,4,10,29,53,2
7,4,3,18,4,28,23,55,2
4,3,3,18,4,34,29,43,1
27,4,2,8,4,21,29,0,2
4,3,1,18,4,19,29,4,0
7,3,5,9,4,37,29,21,2
4,3,1,13,4,22,26,5,1
4,2,10,18,4,0,29,45,2
4,1,1,18,4,29,29,22,0
4,3,3,16,4,12,29,30,2
4,3,1,15,4,54,26,42,0
33,3,1,18,4,9,29,28,1
14,4,2,3,0,7,29,30,1
7,4,2,18,4,37,29,30,2
7,3,3,3,4,61,29,30,2
4,3,1,15,4,61,29,7,1
4,4,5,9,0,61,29,30,2
7,3,2,9,4,38,14,2,2
4,3,2,9,4,36,27,50,1
4,3,1,9,4,34,23,18,0
4,2,5,9,4,21,17,57,2
1,3,1,15,4,57,24,55,1
7,3,1,18,4,6,17,41,2
20,0,2,8,4,57,29,28,2
4,3,1,13,4,26,29,20,1
1,3,2,9,0,10,28,21,2
0,4,1,9,4,41,8,50,1
1,3,1,8,4,41,16,41,1
4,2,5,10,4,28,24,50,2
7,1,1,18,3,33,29,39,0
4,4,5,9,4,57,27,41,2
9,3,2,9,0,0,30,57,1
4,3,1,3,4,61,29,50,0
9,4,3,13,0,41,12,7,2
32,2,5,10,4,39,28,7,2
19,2,8,9,4,57,28,50,2
4,3,3,8,4,0,26,28,0
15,2,3,9,4,41,17,47,2
4,3,2,18,4,1,29,12,1
8,3,1,15,4,56,29,36,1
1,3,2,18,4,42,29,55,1
6,3,2,18,4,9,27,28,1
4,4,3,18,4,57,29,29,2
33,3,1,3,4,23,29,20,1
7,1,1,1,4,18,30,39,2
4,4,2,18,4,32,23,39,1
4,3,1,18,4,10,29,53,1
1,4,10,18,4,9,29,28,2
4,3,2,18,0,22,26,24,0
7,3,3,15,4,0,29,3,2
3,3,3,8,0,41,29,3,1
4,3,3,18,4,23,23,50,1
1,3,2,9,4,0,27,50,1
0,2,5,9,4,38,1,41,2
7,3,1,15,0,56,27,29,2
7,4,2,9,4,22,7,53,2
8,4,2,18,4,41,21,24,2
7,4,3,9,4,41,23,29,2
1,1,1,9,2,54,4,20,2
4,3,1,15,4,53,12,20,1
4,3,3,8,4,23,29,57,0
0,3,2,9,4,7,29,48,1
4,3,2,9,0,34,29,50,1
33,4,2,15,4,37,23,18,2
4,3,2,9,4,33,29,39,0
9,4,3,9,4,57,29,30,2
4,3,3,9,4,12,18,20,1
4,1,1,15,2,29,25,30,0
4,3,2,9,4,12,13,29,1
4,3,1,18,4,15,29,9,0
4,2,5,9,4,37,21,57,2
4,2,3,18,4,37,24,1,2
4,3,3,13,0,26,29,40,1
4,3,1,6,4,56,29,50,0
4,3,1,18,0,56,29,21,0
4,3,1,9,4,33,26,57,1
4,2,3,18,4,41,25,50,1
20,3,2,10,4,38,7,2,2
3,1,1,3,4,3,23,41,1
7,3,5,18,4,4,29,48,2
4,4,5,9,4,0,20,45,1
9,3,3,18,4,44,27,57,2
4,2,3,18,4,9,29,28,1
9,3,1,8,4,41,16,41,2
7,3,2,15,4,22,29,57,1
4,3,1,13,4,19,20,18,0
33,4,2,13,4,57,29,40,1
4,3,3,9,4,41,29,57,1
17,2,10,18,4,22,28,3,2
4,3,2,15,4,39,27,50,1
4,3,2,9,4,54,20,28,1
27,3,1,15,4,23,29,46,1
29,3,1,13,4,35,29,29,1
4,4,3,15,4,12,27,23,2
1,3,3,5,0,39,27,12,1
4,3,2,18,4,34,26,20,2
33,4,3,13,4,37,29,28,1
4,3,1,9,4,54,15,30,1
1,3,1,9,4,52,29,48,2
0,3,1,3,4,28,29,21,1
7,1,2,15,0,4,29,24,2
4,3,1,15,4,12,29,5,1
4,4,5,9,3,0,29,44,1
4,4,7,9,4,32,28,41,2
0,2,5,9,4,37,29,9,2
4,3,1,8,4,54,29,57,1
9,3,1,15,4,54,30,30,2
4,3,2,9,4,0,30,22,1
4,4,3,15,0,9,28,50,1
4,3,3,8,4,59,29,3,1
4,3,2,9,4,38,14,2,0
4,3,1,15,4,41,29,24,1
4,3,2,18,4,12,29,50,2
4,3,1,10,4,17,30,18,1
4,1,1,3,4,42,1,50,0
4,3,1,18,4,28,29,22,1
9,4,5,18,4,57,29,30,2
9,3,2,18,4,41,29,24,2
8,4,1,9,4,57,7,50,2
4,1,1,13,4,19,27,18,0
4,4,5,9,4,57,27,47,2
33,2,5,8,4,37,29,28,2
7,3,2,9,4,12,18,23,2
4,2,2,9,4,12,28,24,2
4,4,1,15,4,11,26,30,1
27,3,1,8,4,41,28,4,1
8,4,2,8,4,22,14,30,1
7,2,5,9,5,0,26,29,2
10,2,2,15,4,41,29,41,2
9,4,3,15,4,7,29,48,2
4,4,2,9,4,57,29,2,2
4,3,1,7,4,56,29,22,1
7,3,1,15,4,12,29,30,2
1,3,2,13,4,0,29,36,1
4,4,1,9,4,39,29,47,1
1,3,1,15,4,7,29,7,1
4,3,1,15,4,56,28,29,0
4,1,1,9,4,17,17,18,2
4,2,3,9,4,37,1,40,2
4,3,1,18,4,54,29,24,1
1,3,1,9,4,66,28,53,1
7,3,1,18,4,41,29,30,2
4,3,2,10,4,18,29,47,1
4,1,1,15,0,26,29,53,1
9,3,1,9,4,18,24,40,2
4,1,1,3,4,41,29,30,0
9,3,1,18,4,54,29,39,1
4,1,1,9,4,17,17,18,2
0,3,2,9,4,4,3,36,1
7,2,5,10,0,23,29,57,2
7,2,3,15,4,37,29,24,2
7,3,2,15,0,22,28,47,1
4,3,2,15,0,56,29,30,1
4,3,3,18,4,34,10,57,1
1,3,5,13,4,62,29,57,2
8,3,1,8,4,61,29,21,1
33,4,3,9,4,57,29,50,1
4,3,2,9,4,10,21,23,1
1,1,1,9,4,37,12,35,1
4,1,1,15,4,0,29,52,0
4,3,1,18,4,30,26,40,0
7,3,2,18,4,5,3,48,1
4,4,3,9,0,60,29,30,0
16,3,3,16,4,23,19,29,2
4,1,1,9,4,12,27,30,1
4,2,5,16,0,23,19,3,2
4,1,1,18,4,26,29,30,0
20,4,3,8,4,34,29,28,2
4,3,2,16,4,1,29,30,1
4,1,1,3,4,41,29,50,0
4,1,1,18,4,37,29,57,1
4,4,1,16,4,39,19,29,2
4,3,1,9,4,26,29,55,1
4,2,2,15,4,37,29,19,1
4,3,2,9,4,53,29,20,1
4,3,1,18,4,9,29,28,0
0,2,4,9,4,41,25,29,2
4,3,1,15,4,53,29,41,1
33,3,2,18,4,30,29,28,1
0,2,5,16,4,12,9,23,2
4,3,1,9,0,57,28,53,0
8,4,1,15,4,48,29,0,2
4,3,3,15,4,39,29,21,2
4,1,1,9,4,43,20,2,0
7,2,4,10,4,37,8,20,2
7,0,5,18,4,0,21,24,2
0,3,5,18,4,12,6,20,2
9,3,2,9,4,29,20,24,2
3,3,1,8,8,12,29,20,2
33,1,1,15,4,54,29,23,1
4,1,1,15,4,56,28,20,1
4,0,10,10,4,58,22,22,2
4,4,4,9,4,43,22,54,1
4,2,3,18,4,37,28,44,2
7,3,1,13,4,13,29,57,1
4,3,1,15,4,54,29,50,0
4,3,1,18,4,9,29,28,0
4,4,6,9,4,12,25,30,2
4,1,1,8,4,12,4,20,0
4,3,2,18,4,61,27,50,0
32,3,2,9,4,47,26,11,2
33,1,1,9,4,37,3,41,2
7,4,5,16,4,61,5,29,2
21,1,1,9,4,37,27,41,2
1,3,2,18,4,41,9,4,2
13,3,1,9,4,37,29,30,2
1,1,1,9,2,18,27,57,0
33,2,5,8,4,37,29,28,2
26,4,2,9,4,39,29,30,2
4,3,3,15,4,37,29,18,1
33,4,2,16,4,0,8,56,1
4,1,1,9,4,0,20,2,0
4,3,2,18,4,37,18,20,1
4,3,2,18,4,9,29,28,1
1,3,2,18,4,35,27,50,2
4,3,1,9,4,28,29,55,1
7,4,3,9,4,37,3,42,2
0,3,2,15,4,12,26,20,2
4,3,3,18,4,37,12,43,1
4,1,1,18,0,21,29,30,0
4,3,1,8,4,0,29,57,1
9,3,1,13,4,0,27,48,1
8,4,4,16,4,42,16,41,2
7,4,1,4,4,65,29,50,2
1,2,7,10,4,0,27,28,2
33,1,1,9,4,29,20,1,0
4,2,3,18,4,59,16,3,1
4,3,3,15,4,42,1,19,0
4,1,1,18,4,42,29,51,0
4,3,1,3,4,15,29,18,0
4,1,1,18,4,41,29,50,0
3,3,1,15,4,12,30,19,2
4,3,1,9,4,0,29,57,1
4,3,3,18,0,39,29,29,1
9,3,2,9,4,62,7,18,2
4,4,4,9,4,0,29,57,1
4,2,5,18,4,63,29,30,2
9,3,1,15,4,41,3,1,2
4,3,3,9,4,12,22,22,2
27,4,2,8,4,41,1,57,1
4,3,1,15,4,14,11,22,1
4,4,3,10,4,57,13,57,1
4,3,1,8,0,12,29,20,0
8,3,1,18,4,24,25,30,1
4,3,1,18,4,32,28,29,1
4,3,1,9,4,34,29,48,1
1,4,3,9,4,22,28,30,2
4,3,1,8,4,42,19,40,0
9,3,1,18,4,12,29,20,2
4,3,2,16,0,12,12,22,2
4,4,3,9,0,28,29,30,1
33,0,5,18,4,37,29,30,2
4,3,3,15,0,37,29,30,1
4,3,1,8,4,41,29,29,0
13,3,1,16,4,41,3,1,1
20,0,3,9,4,9,29,28,2
7,2,5,9,4,1,25,29,2
4,3,1,18,4,57,26,21,1
3,4,3,9,4,0,29,28,1
1,3,2,13,4,56,28,28,1
1,3,1,9,4,24,23,53,2
4,3,3,15,4,12,29,30,2
4,2,1,10,4,3,4,41,1
1,3,1,9,4,23,28,20,2
2,1,1,3,0,3,16,41,1
4,3,1,10,4,37,29,30,2
4,1,1,9,4,61,2,7,1
4,1,1,3,4,42,29,24,0
4,3,2,13,0,56,28,30,1
8,4,1,9,4,41,8,50,2
4,4,6,10,4,28,19,29,2
33,3,1,18,4,42,20,40,1
4,3,2,9,4,34,3,51,1
7,1,1,6,4,14,2,22,1
9,3,3,15,0,12,12,7,1
4,4,5,11,4,57,5,29,2
7,3,1,10,4,12,8,20,2
7,3,2,8,4,12,29,23,2
11,3,1,9,4,17,26,40,2
9,4,5,6,0,7,29,30,2
4,3,1,18,4,34,29,57,1
9,3,1,9,0,41,29,50,2
4,2,3,9,0,37,29,50,2
4,3,2,10,4,12,29,29,1
7,3,1,15,4,63,29,30,2
9,3,2,6,4,56,29,4,2
4,3,3,9,4,0,29,45,1
9,3,2,8,4,56,29,21,2
8,2,4,9,4,12,30,20,2
3,4,3,18,4,12,16,30,1
7,1,1,3,0,39,4,7,2
1,4,2,13,4,39,16,30,2
32,3,1,9,0,57,25,42,1
4,3,1,18,4,56,29,56,1
4,3,1,18,4,53,29,57,0
4,3,2,3,4,9,29,30,0
4,2,3,16,4,38,29,2,1
4,4,2,18,4,0,15,18,1
4,3,1,9,4,33,26,57,1
0,3,1,8,0,3,23,41,1
4,3,1,18,4,12,29,20,2
8,2,5,9,4,41,29,57,2
4,2,5,16,4,39,29,55,2
4,3,1,8,4,54,29,24,0
7,2,5,9,4,0,28,18,2
9,3,2,9,4,34,28,30,2
4,3,3,13,4,21,28,42,1
9,2,3,9,4,41,28,47,2
12,4,8,9,4,46,29,45,2
33,2,3,9,4,1,23,18,2
4,0,10,10,4,37,19,29,2
8,2,5,18,4,0,29,30,2
11,3,1,3,0,41,28,30,2
1,3,2,18,4,0,29,24,1
13,4,3,18,4,28,23,55,2
4,3,1,9,4,52,29,43,1
4,4,5,13,4,22,28,57,1
7,3,2,8,4,12,29,20,2
4,3,3,9,4,22,25,23,1
4,3,1,8,4,41,29,29,0
4,2,2,15,4,39,28,29,1
4,3,2,3,4,22,29,50,1
0,3,1,3,4,9,29,29,1
4,3,5,10,3,33,13,39,0
4,3,3,9,4,39,15,31,2
20,3,1,8,4,12,29,28,2
4,2,5,9,4,0,5,21,1
1,4,3,16,4,21,8,7,1
9,3,2,9,4,10,26,12,2
4,4,3,9,0,60,29,30,2
4,3,5,15,4,12,29,3,2
10,2,10,9,4,46,29,30,2
1,2,3,0,4,33,26,39,2
1,3,2,18,4,59,29,3,1
1,3,1,18,0,21,29,46,0
9,3,1,18,0,33,29,39,1
3,1,1,3,4,8,29,9,1
4,3,2,6,4,54,28,30,1
4,2,5,9,4,12,29,30,2
4,3,1,9,4,1,29,1,1
7,3,3,18,3,3,6,41,2
4,3,1,10,0,33,28,39,0
4,3,2,8,0,34,29,57,1
1,3,1,3,4,37,29,50,1
0,4,5,9,4,39,22,12,2
13,3,2,18,4,2,23,41,1
4,2,3,16,4,12,28,53,2
4,3,3,11,4,0,29,45,2
0,4,3,15,4,12,27,23,2
4,1,1,9,4,10,27,19,1
8,4,2,11,4,37,26,29,2
9,3,2,9,4,32,28,57,1
7,4,3,16,4,24,19,29,2
7,3,2,9,4,57,9,57,2
4,2,3,9,4,28,24,55,2
11,3,1,15,4,41,3,1,1
4,3,2,18,4,53,15,1,1
1,3,1,9,4,37,30,48,1
4,4,5,10,4,40,29,21,2
9,3,2,15,4,28,29,30,2
4,3,1,9,4,40,13,30,1
0,4,2,9,4,39,26,20,2
4,4,3,0,4,37,29,5,1
4,1,1,3,4,56,17,24,0
4,3,3,18,4,54,29,46,1
4,2,3,16,4,37,29,45,2
4,0,3,9,4,9,29,28,2
4,2,7,11,4,29,23,29,2
4,3,2,10,4,12,29,29,1
7,3,2,3,4,16,29,24,1
4,3,3,9,4,53,23,22,1
4,4,1,18,4,14,23,39,1
9,3,3,18,4,0,27,57,2
7,3,5,0,4,17,29,30,2
0,2,7,9,4,41,29,50,2
0,4,5,9,4,1,29,55,2
33,2,8,15,4,28,29,30,2
8,3,3,6,4,40,29,12,1
21,4,2,3,4,41,29,35,1
20,0,5,8,4,0,29,28,2
1,4,3,9,4,12,30,39,2
7,3,5,9,0,29,29,57,2
4,3,2,9,0,57,21,3,1
4,4,2,18,4,0,29,57,1
4,3,1,9,4,42,21,50,1
9,3,1,3,0,26,28,57,2
4,1,1,9,4,17,17,18,2
7,4,3,15,4,5,18,48,2
4,3,1,3,4,28,23,57,1
20,4,2,8,4,12,29,28,2
4,0,8,10,4,52,25,29,2
4,4,4,9,4,1,29,1,1
27,4,2,9,0,37,4,40,1
4,3,1,18,4,41,29,28,0
7,3,2,9,0,4,29,36,2
0,4,3,18,4,22,18,52,2
7,3,1,13,4,3,29,41,2
9,3,2,8,0,39,25,57,2
32,1,1,8,4,38,16,41,0
4,3,3,15,4,39,26,30,1
9,2,3,18,4,57,29,22,2
7,2,5,10,4,36,24,50,2
1,3,1,8,4,54,29,51,1
4,4,3,10,4,3,19,29,2
8,1,2,16,4,34,29,48,1
4,4,3,9,4,28,28,55,2
9,3,1,8,4,34,14,22,1
7,4,1,8,4,42,17,29,2
1,3,1,3,0,41,30,50,1
23,3,1,18,8,37,29,23,1
9,3,1,15,4,12,24,20,2
0,4,10,18,4,65,18,48,2
23,3,1,3,4,14,30,28,0
4,3,3,15,8,61,29,21,1
1,2,1,9,4,37,14,18,2
7,3,1,8,0,3,19,41,2
4,3,3,9,4,24,30,23,2
24,3,3,3,4,30,29,40,1
4,3,4,9,4,29,29,1,2
4,3,1,9,4,4,29,36,1
9,3,1,8,0,56,29,53,1
8,3,1,8,4,41,16,3,1
4,3,2,15,4,0,12,30,1
4,3,2,10,4,12,29,20,2
4,3,1,15,4,12,12,13,1
33,2,5,8,4,37,29,28,2
1,3,1,9,4,66,20,53,2
4,3,2,6,4,9,29,28,0
4,4,5,9,4,41,29,3,1
4,3,1,9,4,12,29,23,2
4,1,1,3,4,35,29,57,0
4,4,3,9,0,28,29,30,1
7,2,3,9,4,38,1,2,2
4,1,1,15,0,54,23,42,1
4,3,1,16,4,12,26,20,2
4,3,1,9,4,54,16,28,1
4,2,3,9,4,28,24,55,2
7,3,1,8,0,3,19,41,2
4,1,1,15,2,41,29,20,0
13,3,1,8,4,41,16,41,1
7,4,3,15,4,34,29,25,2
7,4,3,9,4,28,6,30,2
10,3,1,3,4,3,29,29,1
7,3,1,9,4,42,29,30,2
4,3,2,18,4,14,24,22,1
9,2,6,18,4,21,28,57,2
2,3,1,9,0,42,29,29,2
7,3,3,3,0,41,28,47,1
4,3,2,3,4,41,9,50,1
1,2,5,10,4,28,28,55,2
4,3,2,9,4,54,29,40,1
1,3,1,18,4,41,29,1,2
4,3,1,18,4,4,29,48,1
20,3,1,9,4,39,28,18,1
2,1,1,3,0,3,16,41,1
4,3,2,18,4,10,22,55,1
1,3,2,15,4,0,29,21,2
22,3,2,8,4,28,23,50,2
1,3,1,15,4,34,29,30,1
4,3,1,3,0,9,18,28,0
7,3,3,15,4,59,29,3,2
7,4,2,15,4,0,29,57,2
6,3,1,8,4,39,28,7,1
9,3,2,15,4,1,29,24,2
0,3,2,15,4,39,24,20,2
9,4,2,9,4,0,4,50,2
8,3,4,9,4,38,14,2,2
4,3,1,9,4,34,16,3,1
33,2,5,8,4,37,29,28,2
7,4,2,16,4,37,12,20,2
4,3,1,3,4,14,29,9,0
11,3,5,13,4,14,29,45,1
1,3,2,3,4,59,29,3,1
16,4,1,8,4,41,29,28,1
7,3,1,18,4,0,29,11,1
13,3,1,8,4,41,16,41,1
1,4,2,9,0,0,29,28,2
7,3,2,9,0,0,29,30,2
4,3,2,9,4,12,24,41,2
4,3,2,9,4,39,27,19,1
32,1,1,3,4,41,29,57,1
1,3,1,8,0,3,19,41,2
